id,student_id,volunteer_id,subject_id,has_whiteboard_doc,volunteer_joined_at,reviewed,to_review,student_banned,created_at,updated_at
688671d0-4562-4408-a411-da7bf9b1eeab,d81a5d29-38b7-4538-b2f3-01c02c7020fe,9113f786-d69f-4476-a099-d8635ec84baf,23,f,2025-10-23 21:01:26.555,f,f,f,2025-10-23 21:01:14.555,2025-10-23 21:01:14.555
b9e373cc-4e57-41e0-9a0b-0af56f140615,54bfff16-d3c5-4e57-a4c3-f8c671b2ad27,94bae2ca-74e9-45b2-991b-a36d0eb188a7,6,f,2025-10-23 21:05:14.559,f,f,f,2025-10-23 21:04:33.559,2025-10-23 21:04:33.559
910a4912-6ad0-40de-88e7-a4f8e97e6665,920a95cd-5fe3-4a14-84fa-0e93a6b772d3,790a7dd0-8cb4-4c31-9f8e-ba9983880f4d,9,f,2025-10-23 21:01:34.559,f,f,f,2025-10-23 21:01:10.559,2025-10-23 21:01:10.559
eaa33d2f-181d-4585-b65e-b51423cb3e73,83e3c60a-b75b-4626-9961-1cf265d202c6,a704cb43-8742-4baf-8748-eb0cc5126ff0,4,f,2025-10-23 21:01:27.559,f,f,f,2025-10-23 21:01:02.559,2025-10-23 21:01:02.559
8d531199-b3e8-45a0-ba53-21a09d76f052,df4a0dda-8c95-427d-b10d-d6ee44010b11,3cd53cfb-fd98-425e-8a38-e3d166b171d2,26,f,2025-10-23 21:02:01.559,f,f,f,2025-10-23 21:01:37.559,2025-10-23 21:01:37.559
cbd412b8-6d72-4104-9d2e-8094da8cd4df,5206faed-e3f5-4aa8-b300-e23afc6573ff,bf355038-3966-41e7-92a5-be65573f7f7c,10,f,2025-10-23 21:04:07.559,f,f,f,2025-10-23 21:03:07.559,2025-10-23 21:03:07.559
d277caf0-a89b-4ac1-ba1a-6d8c9cbd1263,ef0c6075-211a-4fe2-8c58-dec0852875ff,1f64d33c-91a8-4b27-b3d0-227e37f78d0e,4,f,2025-10-23 21:00:37.559,f,f,f,2025-10-23 20:59:58.559,2025-10-23 20:59:58.559
9b9558be-1ada-477f-b8e0-43192b4785c8,fa3cf6cc-a5c1-4b46-ba5f-e78b2fdfab3f,46af911f-c669-4994-bd48-9703c2344ef8,16,f,2025-10-23 21:05:30.559,f,f,f,2025-10-23 21:04:40.559,2025-10-23 21:04:40.559
13ecf60e-7337-4574-a21b-cb8d745a8c29,e8d6997c-6b77-4731-9759-9725a2e2f7b8,eeeabe28-2421-49ab-b3b2-ba35e2cbb173,24,f,2025-10-23 21:00:07.559,f,f,f,2025-10-23 21:00:04.559,2025-10-23 21:00:04.559
9bfa8fc6-5f4f-4314-91d4-97b8e466f3f1,ed3dd7e4-2dd8-486d-806a-9835fc25fa4f,e396228b-b5c8-424c-8c1a-8f565ac10e14,22,f,2025-10-23 21:04:54.559,f,f,f,2025-10-23 21:04:20.559,2025-10-23 21:04:20.559
e52fb12d-5917-4261-a026-a595e09f4f5a,b7a8aab1-70ce-4806-8e2c-ac1b46ec62c1,968a8331-dfc7-45f6-8aaf-3629dc5fc78e,12,f,2025-10-23 21:05:04.559,f,f,f,2025-10-23 21:04:23.559,2025-10-23 21:04:23.559
122c09e0-ba18-4696-876b-8c96d04d2c27,3e4c7e14-d160-4ac8-aedb-176e5d7bfd0d,3b2d3acb-36d1-4da6-b44e-bcc5dcb7bea5,17,f,2025-10-23 21:03:41.559,f,f,f,2025-10-23 21:02:47.559,2025-10-23 21:02:47.559
3a354b7c-3e4c-4f87-bbd0-e7f78b82d1f3,33615ad7-4476-4edf-8589-40456a71963f,ecbfb719-2912-4d85-9c62-ce977362f9e4,9,f,2025-10-23 21:03:56.559,f,f,f,2025-10-23 21:03:50.559,2025-10-23 21:03:50.559
ee3d5f1a-c212-4f20-8c2b-e409cc5715c0,779f4a46-5198-4706-b498-ac601f8e4933,607f6cc8-1a72-4187-a2bd-55c4f02b7613,14,f,2025-10-23 21:01:15.559,f,f,f,2025-10-23 21:00:58.559,2025-10-23 21:00:58.559
ce7562b1-fbc7-487b-bc93-54e66af6d306,7025d779-3356-42b5-87fe-1c1c50e4acf4,6094fd9e-d3e0-49ae-ad9b-18d3e44af20b,16,f,2025-10-23 21:04:29.559,f,f,f,2025-10-23 21:03:58.559,2025-10-23 21:03:58.559
72c19e09-785c-4a55-9139-318262afec0c,922b0e7b-25a0-41a8-be52-97ae72c7af0f,2f53a133-caef-48a4-856e-ff9a286a6127,10,f,2025-10-23 21:04:29.559,f,f,f,2025-10-23 21:03:30.559,2025-10-23 21:03:30.559
083ce373-8319-4094-aa7c-7cd3a30f630b,04a4cf39-127b-493c-8f5e-613a98e66920,febbdba9-45ed-4063-b979-b1963b3012b9,18,f,2025-10-23 21:02:47.559,f,f,f,2025-10-23 21:02:33.559,2025-10-23 21:02:33.559
454d1e04-5856-4693-ac9b-c248db8fe1d1,adca1baa-6f7e-4df3-abb8-e439b384c8a9,3d6d936d-f09f-482f-b58f-728a9f37aa58,10,f,2025-10-23 21:01:24.559,f,f,f,2025-10-23 21:00:59.559,2025-10-23 21:00:59.559
f6c4c651-9b34-4abf-acf8-d208466cfe84,ee3c3a2f-5440-4359-b011-aa53d24a54ec,887263e5-82e3-4674-8541-13ad2dcdde3a,17,f,2025-10-23 21:00:55.559,f,f,f,2025-10-23 21:00:19.559,2025-10-23 21:00:19.559
47431eb9-660f-4ad6-b624-0f4c7c408a08,2893050e-7575-4135-98d1-4608f04cbe06,b08928e4-839d-4a96-b086-88a4c68be1d4,9,f,2025-10-23 21:02:26.559,f,f,f,2025-10-23 21:02:08.559,2025-10-23 21:02:08.559
1eb4c092-bba0-4d4f-a86e-2ea079c6ec49,94d84132-617a-4720-b82a-775ca6176779,b55ca088-1231-46a2-b40a-91c0399e33c3,7,f,2025-10-23 21:01:42.559,f,f,f,2025-10-23 21:00:42.559,2025-10-23 21:00:42.559
c386288f-bb45-4b3c-afb8-3b36f89d8c76,84ea8f75-3259-4dd6-a490-a17b942d36d3,9f1d1d1c-42f4-4bb6-b341-74ac343116c2,7,f,2025-10-23 21:05:44.559,f,f,f,2025-10-23 21:04:48.559,2025-10-23 21:04:48.559
e712392c-875b-4fd5-a3f8-b236da211b51,a9b2790f-2775-40bf-9d3c-64ae937a0d37,b3abd71c-40a6-49a4-99c3-f5ced79e5950,5,f,2025-10-23 21:02:27.559,f,f,f,2025-10-23 21:01:49.559,2025-10-23 21:01:49.559
2799225d-0156-4589-9a06-790af5d09306,6421362a-78d9-49a2-970e-ea87f8aa11e0,25cdd8ed-959b-416a-b57f-6c5f62546cb7,19,f,2025-10-23 21:05:40.559,f,f,f,2025-10-23 21:04:47.559,2025-10-23 21:04:47.559
b66c05d6-6486-4574-9808-3f5dcaa95d99,a9b2790f-2775-40bf-9d3c-64ae937a0d37,63a9f1ad-d62c-41f4-bb21-bcab965fda86,23,f,2025-10-23 21:04:42.559,f,f,f,2025-10-23 21:03:43.559,2025-10-23 21:03:43.559
2f8683d9-b561-40a2-bcd0-a63b9ab93fd4,3b192367-e559-48df-89ab-c2b8780d4d52,a2c25fb7-ee1a-4017-b4bc-6606253300b6,1,f,2025-10-23 21:01:16.559,f,f,f,2025-10-23 21:01:07.559,2025-10-23 21:01:07.559
5ac18295-a9de-4128-8a5b-a4573b308c13,56d97af8-522b-4da4-85c0-00b5dfe7825e,d20dbb1c-e813-4647-8108-7c412075f11f,6,f,2025-10-23 21:03:18.559,f,f,f,2025-10-23 21:03:13.559,2025-10-23 21:03:13.559
ccfb2f6f-ae9b-4fa4-93ed-fdb754c3ae9e,0424c4f0-14d4-459c-ad18-eb139f4c45c6,c3641817-f2b8-4800-8e27-951137f284fc,14,f,2025-10-23 21:03:11.559,f,f,f,2025-10-23 21:03:04.559,2025-10-23 21:03:04.559
5f0a2f4e-00df-410f-991c-7a7937207a24,5326396f-b839-4e8b-95de-8f27b91fc3f8,4324ff7f-39b7-4f36-94f0-58f51882aa90,17,f,2025-10-23 21:05:13.559,f,f,f,2025-10-23 21:04:25.559,2025-10-23 21:04:25.559
5cd9f4c3-4594-43cf-8381-5026b3d9a078,03c49ac7-69a3-40cd-9d9a-2fbf63ead44a,ba63e51c-2ff0-4219-b968-54b4fc4a21f8,11,f,2025-10-23 21:01:14.559,f,f,f,2025-10-23 21:00:35.559,2025-10-23 21:00:35.559
a5c8623d-036c-4b63-91ab-425745bc6a1f,d8ce35dc-6a89-4d9f-b663-2f572e19eaa9,da7e28bd-ef09-4950-889a-84150aa39de8,25,f,2025-10-23 21:03:20.559,f,f,f,2025-10-23 21:02:53.559,2025-10-23 21:02:53.559
659b117b-5b6c-4564-ae71-2ab967ef8edd,d29d5ce4-59ad-48ea-8ba8-ca8f8c43a1c9,e3f508c9-75a2-4518-811e-495a1e6c6ded,10,f,2025-10-23 21:04:13.559,f,f,f,2025-10-23 21:03:48.559,2025-10-23 21:03:48.559
b147472d-8255-437f-8315-6581cdef6f19,ddd197ec-eb0d-497c-93f1-002fd78ddf8f,94dc5f52-a627-442b-8900-3fc7179c00ae,5,f,2025-10-23 21:05:14.559,f,f,f,2025-10-23 21:04:46.559,2025-10-23 21:04:46.559
0e6a56bd-3d5e-4c43-a406-e921163ef4c5,0fb4a4c4-3d3e-4aed-866f-a982843f3b71,900e37a0-c915-497d-aea1-6192e5040ed8,21,f,2025-10-23 21:02:30.559,f,f,f,2025-10-23 21:01:37.559,2025-10-23 21:01:37.559
8b27dbd2-cc16-40b6-9ccf-db62afeb9087,8aad253d-e9de-4728-8beb-bb44eb00ce4b,c17a293f-5d38-46cb-a78b-d01ab80c85ab,6,f,2025-10-23 21:04:05.559,f,f,f,2025-10-23 21:03:24.559,2025-10-23 21:03:24.559
deb06fd9-fd88-4dfd-a124-9c5e7314a634,ab2fcbb0-022f-4665-b482-9ac2f23279f3,074a87dd-0022-48cb-8cfe-a17e5d41ddd5,4,f,2025-10-23 21:03:35.559,f,f,f,2025-10-23 21:03:32.559,2025-10-23 21:03:32.559
53eb6fc9-baa2-4802-98cb-ffdd686db865,19a4b067-be02-4d7a-b949-0585718aebd2,9d07ad43-8ed1-404c-8039-37ccaa1c9064,20,f,2025-10-23 21:01:37.559,f,f,f,2025-10-23 21:01:32.559,2025-10-23 21:01:32.559
a15592c4-ec9e-4655-ada1-95799ab61f5e,fa3cf6cc-a5c1-4b46-ba5f-e78b2fdfab3f,68a44d59-5c1b-4e16-894f-68b1a3685200,18,f,2025-10-23 21:01:48.559,f,f,f,2025-10-23 21:01:30.559,2025-10-23 21:01:30.559
02ca7628-b42a-4143-a4a0-0909f60b2e31,4c52307b-0244-4317-9331-b01af1c5fcc0,b2d4d5e8-a15a-4b6a-83d6-38874ad7c3e1,4,f,2025-10-23 21:03:03.559,f,f,f,2025-10-23 21:02:32.559,2025-10-23 21:02:32.559
a12bbf0d-53f2-4ad5-ab00-4d05bf0aa2a2,ffab7249-ad83-424a-b7f1-152dddf05449,85c85f33-1391-40bf-b64c-270a8d62ae12,18,f,2025-10-23 21:02:56.559,f,f,f,2025-10-23 21:01:57.559,2025-10-23 21:01:57.559
78ecf129-f793-469c-a832-f66f2c8014fc,2c50cb50-d599-4411-a0ee-fc254428429f,d72f086b-ea4d-461a-855b-c5c9c65f9398,17,f,2025-10-23 21:03:34.559,f,f,f,2025-10-23 21:03:30.559,2025-10-23 21:03:30.559
0e83676e-7d5c-4a73-ae83-c0c795c8486e,de77e248-bed7-43ca-b0db-47ce9f688338,2ba0ca02-26a0-4c9a-9fef-e0a355c37537,11,f,2025-10-23 21:00:35.559,f,f,f,2025-10-23 21:00:14.559,2025-10-23 21:00:14.559
9ba570ca-39c9-4366-abfc-8c2fdadc8893,18017b72-2279-4eb6-a691-8ed8a32cd67c,459e26fa-e970-4fff-a166-0cb37fdb7aa5,11,f,2025-10-23 21:01:22.559,f,f,f,2025-10-23 21:00:43.559,2025-10-23 21:00:43.559
044201f9-fc77-4596-8e70-dacf8d19de71,3025ba64-03c0-4d4d-ba58-217566f05a5d,b1d5ccd9-e50a-4a8e-a5ba-7983b434a6f7,19,f,2025-10-23 21:02:11.559,f,f,f,2025-10-23 21:01:52.559,2025-10-23 21:01:52.559
e45487dd-f413-42ab-915d-87ed36a42574,50d71e00-ef47-48db-93ff-78c9fa0a75db,b745a672-48f4-4a30-8fd4-d8b1bbacaf62,15,f,2025-10-23 21:04:27.559,f,f,f,2025-10-23 21:03:41.559,2025-10-23 21:03:41.559
64006933-58f4-4585-8437-a9589a9ade46,3c64a31d-8fb1-4cd6-b47a-2054e588406c,e37173c0-f143-4420-8f6f-2982e3387684,7,f,2025-10-23 21:03:40.559,f,f,f,2025-10-23 21:03:10.559,2025-10-23 21:03:10.559
3a63d153-c223-4783-a17d-5423e7642a6c,829525e3-6de8-42ff-b69e-80410412322a,099f0a46-4d38-4d08-8d88-793a6debd9f8,9,f,2025-10-23 21:04:34.559,f,f,f,2025-10-23 21:04:00.559,2025-10-23 21:04:00.559
b1feff86-ae5f-4940-859b-72c2b11751a7,9403b3d9-2701-43aa-b620-054c1ed9eb13,0c36002f-54fa-4282-b355-a40dfa2014cc,18,f,2025-10-23 21:02:37.559,f,f,f,2025-10-23 21:02:33.559,2025-10-23 21:02:33.559
106246e1-d11e-4140-960e-cb050bb57468,46944f0a-64a2-4d0a-a970-3f2b2a198a69,9fa65489-7f2e-4c73-9150-e42014818640,22,f,2025-10-23 21:03:13.560,f,f,f,2025-10-23 21:02:37.560,2025-10-23 21:02:37.560
9632e510-665e-4de9-9872-aad1ca2c0c5a,5070c2f8-54c6-4a32-9ef0-829867994905,ca45f207-7092-4303-955a-282a0518c1c7,10,f,2025-10-23 21:00:22.560,f,f,f,2025-10-23 21:00:17.560,2025-10-23 21:00:17.560
0cfc2d50-5402-420e-bdd5-ae3a56a83a8c,57e81323-34db-43b0-bad8-7593469a8259,c01b7ad5-063e-47e5-b4ef-cbb087e969b3,20,f,2025-10-23 21:03:50.560,f,f,f,2025-10-23 21:03:09.560,2025-10-23 21:03:09.560
e05cdacd-c95e-4b0a-9634-6f6b50e686a7,bce7d0f0-0d4c-4957-bd4d-2c0408ed13cb,f4eaab82-72e1-4e1d-844b-75bba8827c2f,20,f,2025-10-23 21:03:34.560,f,f,f,2025-10-23 21:02:57.560,2025-10-23 21:02:57.560
6c7895fe-ff86-4423-862e-e46451a60c61,1e85920d-ff07-4fe5-996d-41ebc4d55a79,c0dcb6dd-e3e6-4da6-b795-f04e9cb42800,26,f,2025-10-23 21:04:47.560,f,f,f,2025-10-23 21:03:47.560,2025-10-23 21:03:47.560
fa2d3c24-78e7-401d-8152-ac1d8cf41a52,9682efd5-bde3-4241-8e73-55c34d38cf42,d67f6ef1-d6bd-4d1a-9e8c-5acc880f9464,12,f,2025-10-23 21:03:16.560,f,f,f,2025-10-23 21:02:22.560,2025-10-23 21:02:22.560
595a66e4-6dc0-4417-8077-0129ef56303b,2b0c65d0-fb69-4946-9458-983d7d044eea,dc3ebef0-9e20-4d72-b31d-e7b3dd4079d3,4,f,2025-10-23 21:02:39.560,f,f,f,2025-10-23 21:01:48.560,2025-10-23 21:01:48.560
448d9f6f-bcd8-4444-a184-d056e3822c9d,5893ef23-fe60-492a-830e-b32d158c3ef3,1f024d3a-f603-4bd1-908a-e7bc654f91bb,2,f,2025-10-23 21:02:08.560,f,f,f,2025-10-23 21:01:17.560,2025-10-23 21:01:17.560
7122be37-bf9a-4079-9996-11f0ed367c9a,aa1bad0e-6034-42e7-b112-4f7182723de5,da635bf0-b0a2-4233-9d3c-388c9249e67c,2,f,2025-10-23 21:03:42.560,f,f,f,2025-10-23 21:03:15.560,2025-10-23 21:03:15.560
ab935fc9-4d1d-4023-8ade-c64ec9b9e8db,0b27c256-e0ce-4254-bbcc-39c11159d97a,0881a3c4-8e20-49bf-a380-c85e3acea764,15,f,2025-10-23 21:03:05.560,f,f,f,2025-10-23 21:02:18.560,2025-10-23 21:02:18.560
aee4302a-24eb-4e51-8606-7c71465bb3e7,ff0278fd-a765-4d7e-9978-d69d4e1bd85c,852149b6-1495-439d-9ca9-75592bd8dbfc,11,f,2025-10-23 21:05:15.560,f,f,f,2025-10-23 21:04:31.560,2025-10-23 21:04:31.560
a66554a6-6efe-4e3f-b667-eb1796ed4468,6da28f0b-0b6d-4cc8-a9a3-43309711345c,8739fc08-29eb-4462-a3ae-6bbfa9d3e739,24,f,2025-10-23 21:00:53.560,f,f,f,2025-10-23 21:00:30.560,2025-10-23 21:00:30.560
0b89351d-e8dc-4b0a-8b84-f799a6216836,9b2049f2-c063-4ea1-9c59-0e8dca25f3d3,9a9c1033-cf8a-4892-8ff3-3dc2b67255e9,25,f,2025-10-23 21:03:12.560,f,f,f,2025-10-23 21:02:40.560,2025-10-23 21:02:40.560
4386a5dc-2fac-448e-b1ed-9ab4746c42ab,4ec48126-81bf-445f-82b6-cb35cf06a32c,05a4917d-48df-4c50-8621-1c9b2e79a843,20,f,2025-10-23 21:03:25.560,f,f,f,2025-10-23 21:02:29.560,2025-10-23 21:02:29.560
9fafcc41-379a-44f3-8e72-ea825b8c7f25,daafa311-56e9-4497-929a-c7b66ddc89a8,fb4bd090-7142-4d60-9920-b230a6c91cc0,15,f,2025-10-23 21:01:37.560,f,f,f,2025-10-23 21:00:57.560,2025-10-23 21:00:57.560
002b52c7-f88b-429e-b795-664df967fa1f,2f569f10-bd66-4606-8559-7f6ae43c1d70,28465e3a-fe7a-4065-8fe8-6050875ebdd3,4,f,2025-10-23 21:02:27.560,f,f,f,2025-10-23 21:02:04.560,2025-10-23 21:02:04.560
90c88bf2-2da0-4274-9a11-4ebe6f393bde,4680ee3e-1a85-4130-a36b-42655eb6ec1a,859fe6cf-b76e-4427-b97b-dab80d0fdb69,15,f,2025-10-23 21:04:05.560,f,f,f,2025-10-23 21:03:49.560,2025-10-23 21:03:49.560
4bce0238-7b73-4ad2-8ab2-7bfca256af31,ed3dd7e4-2dd8-486d-806a-9835fc25fa4f,5197228f-33be-4883-8b64-25e595eea732,24,f,2025-10-23 21:01:26.560,f,f,f,2025-10-23 21:01:14.560,2025-10-23 21:01:14.560
ca1c0806-99f3-4ece-acf5-50d78b54c6c3,5154a7e8-5b09-44a7-9f97-f2f0e20dd35a,3ead1c26-425c-4e7f-9e4a-6583fd3dff89,22,f,2025-10-23 21:02:23.560,f,f,f,2025-10-23 21:01:57.560,2025-10-23 21:01:57.560
6593e396-29c2-4c99-92f1-6fe102089287,7d597656-ad74-4a06-808b-bbbbaac7a3f4,ca950a6c-427b-4344-9a06-0c4467e4401c,18,f,2025-10-23 21:03:36.560,f,f,f,2025-10-23 21:03:24.560,2025-10-23 21:03:24.560
e3d24218-8530-46df-a5e3-b09db7ab3275,9bf417c3-5a46-4054-ba0f-e77ef44efa26,bf721081-01da-4af1-a09d-bf372c7b05e5,17,f,2025-10-23 21:04:40.560,f,f,f,2025-10-23 21:04:23.560,2025-10-23 21:04:23.560
afd30782-5094-4864-af40-f54822f0da27,3e7fd4ee-2ed1-4e0d-a71d-e2d49eefe64f,30aa5dab-347f-460c-aee5-b0a19b58b40f,3,f,2025-10-23 21:01:51.560,f,f,f,2025-10-23 21:01:41.560,2025-10-23 21:01:41.560
f1610d6f-83bc-4728-8d27-2f48d70af523,16fe3360-4970-469e-8d0a-5423c779afdb,31977450-73f4-4fc9-ac84-98f6f559161e,24,f,2025-10-23 21:01:31.560,f,f,f,2025-10-23 21:00:39.560,2025-10-23 21:00:39.560
5d76cab9-6384-4d59-868d-f918e48e55cb,427f2df3-c2ce-4824-a2a6-01a91e147b42,3676b9da-621e-4832-a3ed-c3147afd8d2d,15,f,2025-10-23 21:05:23.560,f,f,f,2025-10-23 21:04:39.560,2025-10-23 21:04:39.560
67c8b452-c02d-43fe-b7cc-598ff2405f8e,cea8ec46-a648-44d5-9e4b-efd6b8dad213,c2f1cdbe-d9fc-49be-8294-16040d96e47b,24,f,2025-10-23 21:02:35.560,f,f,f,2025-10-23 21:02:03.560,2025-10-23 21:02:03.560
7cd0d988-a590-49a8-a5d1-6711c524faf4,dda2cb2c-36b1-43e1-b81d-715393f0fe2e,e740db0c-363f-417e-8a44-7f0bdb3fd75a,22,f,2025-10-23 21:05:43.560,f,f,f,2025-10-23 21:04:55.560,2025-10-23 21:04:55.560
f8980c0f-f431-4287-8228-6236d291c396,a5373f5a-926b-4ca5-a9c8-6c2bb66bf673,e7b54866-b8c6-4920-8f13-2c558c8c0745,21,f,2025-10-23 21:02:50.560,f,f,f,2025-10-23 21:02:31.560,2025-10-23 21:02:31.560
4621be1a-3078-45c8-9a4c-590d075f5c45,cadf9bc2-6c6b-47b0-8cf7-542c9eaacce5,5f3a4f88-8dc9-4736-ade5-9d7797796cc4,10,f,2025-10-23 21:03:57.560,f,f,f,2025-10-23 21:03:47.560,2025-10-23 21:03:47.560
174328e3-c78f-4ec8-918c-2446c586d226,443535bc-9ccb-4b90-b353-4ac358844b61,e6ee333f-ee05-465b-9ecd-1a43733221d9,10,f,2025-10-23 21:03:32.560,f,f,f,2025-10-23 21:02:44.560,2025-10-23 21:02:44.560
f7d9a987-61ab-4785-b30a-52f6e27bb6b8,67eb51a1-b6d1-47c5-9a4e-5d4cc90d0a27,886435e8-fee7-49c9-9959-3e45aca8104c,24,f,2025-10-23 21:02:10.560,f,f,f,2025-10-23 21:01:53.560,2025-10-23 21:01:53.560
f238a7ec-775d-4be5-bb40-a0cc6b3ef8ec,6421362a-78d9-49a2-970e-ea87f8aa11e0,712e585b-e1ec-4a16-8b25-930e48ae3c7f,21,f,2025-10-23 21:04:37.560,f,f,f,2025-10-23 21:03:39.560,2025-10-23 21:03:39.560
ca4f0989-15bc-4d15-89e8-28a9b8d2dec8,e4d16d9b-ad3a-4e68-a2e8-fc98246ecafa,57fa07c3-4bbb-4e74-838a-336e6c77af5c,11,f,2025-10-23 21:02:57.560,f,f,f,2025-10-23 21:02:50.560,2025-10-23 21:02:50.560
5f8b7beb-37ff-407d-ba36-0617542140a5,3abbe5d2-af9c-4909-9364-8871ce408015,b8e206a5-b1b7-4d7f-b0b2-2c4901b46740,25,f,2025-10-23 21:02:50.560,f,f,f,2025-10-23 21:02:13.560,2025-10-23 21:02:13.560
8b07c1af-6069-40e6-8caa-aec4fe1e268b,b1457323-447a-44c1-9e5f-6e0dc2cdfb3c,3685305c-6359-4d9e-9add-2bb1c199422d,11,f,2025-10-23 21:01:03.560,f,f,f,2025-10-23 21:00:25.560,2025-10-23 21:00:25.560
0a3ead22-5159-498b-a2af-70e0fe3b32d6,a34f5d51-09f6-4a13-9d76-64f4bdcde0bf,4c2cf332-b14e-4133-ae75-d1355c0fdc85,1,f,2025-10-23 21:00:47.560,f,f,f,2025-10-23 21:00:15.560,2025-10-23 21:00:15.560
e2138b4b-7176-462e-96bb-7b0f1da1456e,a75bf70a-bdb3-457c-ab7a-df1e9a5d8f48,46f65b7f-8241-4f8e-9d0a-f06680a870a5,6,f,2025-10-23 21:00:33.560,f,f,f,2025-10-23 21:00:05.560,2025-10-23 21:00:05.560
1d762c34-8824-439d-b51d-e2f05fb00d01,83e3c60a-b75b-4626-9961-1cf265d202c6,273af014-b677-4c6a-91e4-7a330c859720,20,f,2025-10-23 21:01:52.560,f,f,f,2025-10-23 21:01:46.560,2025-10-23 21:01:46.560
252a00fb-03d7-43da-af68-cee6a98e8cb2,83569f43-15f5-4049-8408-907f6aa26113,eb0fb889-10c4-413e-9a14-e3759c9cee96,26,f,2025-10-23 21:03:15.560,f,f,f,2025-10-23 21:02:22.560,2025-10-23 21:02:22.560
68dc1015-f408-4158-886e-6152460c717c,7c1349b8-96d6-4ab4-89db-8eccc60c0302,36438da5-cedc-455c-86e9-c46c5e0fc0e3,6,f,2025-10-23 21:01:03.560,f,f,f,2025-10-23 21:00:16.560,2025-10-23 21:00:16.560
e26b77ab-9987-45ad-89ec-607030cf2d6d,74463464-2081-485f-beae-8c8b05bb1838,bd1f3aa8-66e9-4923-bb8f-fd715b5c8c42,7,f,2025-10-23 21:03:29.560,f,f,f,2025-10-23 21:02:56.560,2025-10-23 21:02:56.560
10db6934-e68d-46de-83f2-e8046ffaedb7,0f9b1f0f-2ac6-4265-8a41-03aa57fe3a5f,3c0f3443-a94c-49b4-8f9f-877faf575a88,17,f,2025-10-23 21:01:12.560,f,f,f,2025-10-23 21:00:34.560,2025-10-23 21:00:34.560
37d6e17a-47db-4fe8-94b7-58cc59b2515a,fe727c96-9bd3-4b95-9dd1-989edb814741,c530f272-87bf-4192-8be4-1a289b17c362,7,f,2025-10-23 21:04:21.560,f,f,f,2025-10-23 21:03:45.560,2025-10-23 21:03:45.560
3a7be231-e88f-489f-9065-9f606ae980ad,65dc28cd-bdb8-40a3-be70-2cea5fbc058a,af3f8f27-f59b-4d5e-86a6-51d9543808b4,16,f,2025-10-23 21:01:04.560,f,f,f,2025-10-23 21:01:00.560,2025-10-23 21:01:00.560
9ac55498-68ac-47f5-96b5-6fa05de62a13,e165f0b1-c04e-4325-8799-4fa461124286,b6d2dddf-c3f0-40be-ace8-25bb7ebd0022,24,f,2025-10-23 21:05:12.560,f,f,f,2025-10-23 21:04:55.560,2025-10-23 21:04:55.560
b634761f-7848-4ce2-a6f1-8550f5434bbf,d1e0abf0-0c77-4da3-b49e-8ea089d9e782,5dfdfae4-1fd7-494a-92da-771c463c9424,26,f,2025-10-23 21:04:28.560,f,f,f,2025-10-23 21:04:00.560,2025-10-23 21:04:00.560
e0388e49-995f-4ae9-95b7-94c76b7fdcbe,d83b3214-6812-4556-b219-7381db540c35,7c787bc1-92d2-43a4-92c8-98c134b7a512,26,f,2025-10-23 21:05:09.560,f,f,f,2025-10-23 21:04:50.560,2025-10-23 21:04:50.560
8081d858-34c1-4392-8178-f4a36691635f,bfef7ff7-8446-424b-a823-5ba298f1c5d5,5466bd42-3f5e-46e6-9989-20db6eb69984,7,f,2025-10-23 21:00:49.560,f,f,f,2025-10-23 21:00:21.560,2025-10-23 21:00:21.560
9508977f-7a2a-457a-bb7d-f7ba84c5cfb5,6753e2fe-41ae-4264-9998-c416b67f4219,33940a25-2dbb-4a02-9e0a-0f9df82c3fbe,23,f,2025-10-23 21:00:38.560,f,f,f,2025-10-23 21:00:24.560,2025-10-23 21:00:24.560
eb9f993d-0b89-4fb3-8758-963a33a0eab5,6753e2fe-41ae-4264-9998-c416b67f4219,deac8f82-53a0-41d0-8634-633addc4d613,16,f,2025-10-23 21:04:21.560,f,f,f,2025-10-23 21:03:47.560,2025-10-23 21:03:47.560
bc679553-5c1d-48f1-8afe-c2f878b8ebb6,06928a9a-bff9-4e77-b41d-37f6e90982f1,fef3d92c-db33-4697-8a5f-1a135226b1c4,17,f,2025-10-23 21:05:05.560,f,f,f,2025-10-23 21:04:41.560,2025-10-23 21:04:41.560
4346546b-1a83-41ce-80fd-1f6874a4cd30,da46fb50-7e7a-45d0-99b5-647ee18023f6,0ae4bfd1-89d0-46ac-8273-fef07c29889d,6,f,2025-10-23 21:04:03.560,f,f,f,2025-10-23 21:03:31.560,2025-10-23 21:03:31.560
7a619da5-a3ab-49ac-a2dc-7bd218d705e8,cadf9bc2-6c6b-47b0-8cf7-542c9eaacce5,b082d8ad-6255-4994-a8e5-3b893888a789,23,f,2025-10-23 21:05:06.560,f,f,f,2025-10-23 21:04:33.560,2025-10-23 21:04:33.560
01509db7-1c5b-44dc-b2d9-4a46e8be09cc,7692b266-da39-4ba3-b409-6c685cc5122a,b8dbe407-e749-4b86-9ba5-e40b5a427f0e,6,f,2025-10-23 21:00:43.560,f,f,f,2025-10-23 21:00:17.560,2025-10-23 21:00:17.560
b3972750-41fd-454d-8e35-0a426ac4452e,3a51633e-2d97-4a37-a750-2ffcaff558fe,c4f5af51-0c0a-44df-9eaf-ccc835ae1b95,12,f,2025-10-23 21:03:52.560,f,f,f,2025-10-23 21:03:14.560,2025-10-23 21:03:14.560
cd6de939-5360-4991-8659-59716004f984,f0274834-2563-4b20-af0c-623a249dd226,84160de8-ea50-4a78-af3b-9a8b7f3c3000,16,f,2025-10-23 21:05:00.560,f,f,f,2025-10-23 21:04:22.560,2025-10-23 21:04:22.560
6da5bb55-69f3-4048-b886-573abcf85a72,78bde6ff-a358-448e-97ed-97718aed67ca,fd3d059a-f426-4c5a-9b46-153e9308839e,19,f,2025-10-23 21:03:34.560,f,f,f,2025-10-23 21:03:32.560,2025-10-23 21:03:32.560
d0176d24-71e7-43b8-af90-253503f53e9d,83402452-1931-4cb1-8401-50804a43d4ba,db8de9b2-cc06-4ae0-8948-e061dbadcd2b,18,f,2025-10-23 21:04:48.560,f,f,f,2025-10-23 21:04:00.560,2025-10-23 21:04:00.560
0a8ffdc6-fc8b-472f-951b-c4dc9bf1cb3b,1bd0fc9b-2b0b-43e9-93bd-905208616402,121aecac-14c4-4379-b27f-17ac4ade441d,26,f,2025-10-23 21:01:01.560,f,f,f,2025-10-23 21:00:24.560,2025-10-23 21:00:24.560
affc3f9f-9675-4b2f-bea4-f64b0906c2a8,6d99aaee-42a3-442c-932d-ee776ca85926,dcacfd63-14f9-4bde-8fd3-be139cc78429,25,f,2025-10-23 21:01:02.560,f,f,f,2025-10-23 21:00:24.560,2025-10-23 21:00:24.560
9031be7b-d418-4926-a34f-e946f8eeba37,f0674b81-cdc1-4c2e-b4d3-482991c4a0c4,7afce169-7dbc-4aba-b67a-15b5ee132921,18,f,2025-10-23 21:01:27.560,f,f,f,2025-10-23 21:00:42.560,2025-10-23 21:00:42.560
4dacad57-66cb-49f7-af4f-e1198d89f8f4,bfef7ff7-8446-424b-a823-5ba298f1c5d5,1d313414-0945-4d8e-b5df-2fd7cd5e5ae1,16,f,2025-10-23 21:05:02.560,f,f,f,2025-10-23 21:04:34.560,2025-10-23 21:04:34.560
588e1d0b-1d58-438c-9af9-7912c571cb59,4d3b552b-c8b4-45b4-9463-0d8062da03d5,03398f3a-d86d-4527-b7db-9b37d1558741,5,f,2025-10-23 21:01:33.560,f,f,f,2025-10-23 21:01:10.560,2025-10-23 21:01:10.560
0423ddf9-4cb3-4b0b-9f14-403c2b866bc1,7977b851-0363-4e99-96a0-ee452eb7c87c,39f58d57-4315-4e70-b4b1-08eefbe7c00c,9,f,2025-10-23 21:05:18.560,f,f,f,2025-10-23 21:04:47.560,2025-10-23 21:04:47.560
76463ada-ed61-4be2-bb51-e202ed8693fc,8451afba-f643-458d-b7be-8c8b73f23109,1eecd8b8-baf7-478f-a24e-aef4cbb151a5,19,f,2025-10-23 21:04:42.560,f,f,f,2025-10-23 21:03:51.560,2025-10-23 21:03:51.560
11e89176-2715-4080-9d2f-b30391d33658,3025ba64-03c0-4d4d-ba58-217566f05a5d,02716800-38c8-4602-a910-4b1adc5af010,6,f,2025-10-23 21:01:37.560,f,f,f,2025-10-23 21:00:49.560,2025-10-23 21:00:49.560
5f0dad36-74ee-4907-b73d-b52bf3e219b1,f6c0ce62-bcc9-4ade-99f1-114f66605696,5049b81e-a92d-4508-b7d6-644f46eac630,15,f,2025-10-23 21:03:13.561,f,f,f,2025-10-23 21:02:26.561,2025-10-23 21:02:26.561
c8744077-5379-458a-8d1e-2fe74669275f,d6c29e4c-b5ac-43dd-877a-2e302627e7d3,c6096bde-1b50-41c1-856d-e1e1300e3b95,3,f,2025-10-23 21:03:45.561,f,f,f,2025-10-23 21:03:08.561,2025-10-23 21:03:08.561
5b702d9b-cf9a-4d50-bf6d-d44819b63b92,3b192367-e559-48df-89ab-c2b8780d4d52,71a6e406-6525-47be-8e96-873170c8fe5b,5,f,2025-10-23 21:04:15.561,f,f,f,2025-10-23 21:03:37.561,2025-10-23 21:03:37.561
5be7025f-27fe-45eb-9e01-413b17c24737,f0674b81-cdc1-4c2e-b4d3-482991c4a0c4,68bbf5c5-f354-4e10-a018-528946944858,3,f,2025-10-23 21:04:38.561,f,f,f,2025-10-23 21:04:33.561,2025-10-23 21:04:33.561
3e664366-9f9e-41fd-a2f5-b0de2608b658,7bf32634-d2ae-4de6-bbc9-d9504f1c3a48,73ed9ebd-af87-4895-a9a1-d2ed63c36d76,23,f,2025-10-23 21:04:46.561,f,f,f,2025-10-23 21:03:56.561,2025-10-23 21:03:56.561
2b9140cd-e6cf-452e-89c1-7f0b1153abbe,e4d16d9b-ad3a-4e68-a2e8-fc98246ecafa,d5b7ec7a-2dc1-4948-a6c7-41def734d73e,15,f,2025-10-23 21:03:24.561,f,f,f,2025-10-23 21:03:21.561,2025-10-23 21:03:21.561
888306c9-920c-419d-bf6c-30925c2c7c5e,77779959-f7d5-4bcd-9189-2cd833852cac,8b098c88-8c3f-4fcb-a1f6-3ddaf21ad7a7,21,f,2025-10-23 21:02:27.561,f,f,f,2025-10-23 21:01:56.561,2025-10-23 21:01:56.561
b9f488ba-a6db-4f71-9ea8-a4dac8831857,a8908794-54cc-475c-b45e-5f071cef72f0,a66948b1-3216-43c6-9dae-1929bfe35592,9,f,2025-10-23 21:01:29.561,f,f,f,2025-10-23 21:00:45.561,2025-10-23 21:00:45.561
aa6d08a1-ee88-4a0f-bc29-1538e31f74ed,b1457323-447a-44c1-9e5f-6e0dc2cdfb3c,e71cd58e-9974-415d-9450-4d7eb4b0f3f9,15,f,2025-10-23 21:01:29.561,f,f,f,2025-10-23 21:00:31.561,2025-10-23 21:00:31.561
09f6aab4-7af0-466d-a7b3-ef8635bdd72d,1aaf1b72-52bb-4214-8f5f-777bf795eab8,8dc8bd96-a02a-4e72-8f23-b14e30567ef0,11,f,2025-10-23 21:02:45.561,f,f,f,2025-10-23 21:02:01.561,2025-10-23 21:02:01.561
9404f680-8eb6-4dd8-aa9b-f9d1a660f6c7,5326396f-b839-4e8b-95de-8f27b91fc3f8,5c66b71a-4325-4ad3-be6b-f42263d88ff6,24,f,2025-10-23 21:02:12.561,f,f,f,2025-10-23 21:01:37.561,2025-10-23 21:01:37.561
d34e82ce-4164-43ec-803d-86a4cc8276b5,b3e99333-dc05-4464-846e-d7bbfd529fdb,681f1ada-1b7b-474b-ba27-d87af726c6aa,5,f,2025-10-23 21:05:00.561,f,f,f,2025-10-23 21:04:30.561,2025-10-23 21:04:30.561
a2fb4c2f-b78d-469b-a4dc-a7b8cf0a02f2,d3478960-ecea-463e-aefe-bf131ce78ed7,003755d1-3f56-42d4-bcea-53c1c99ee090,10,f,2025-10-23 21:02:07.561,f,f,f,2025-10-23 21:01:28.561,2025-10-23 21:01:28.561
d3f90393-7aec-4084-81e5-e35c97327d77,8d855186-7271-4a48-b409-4a3c3216f4c3,67289995-d62c-4ed5-ad1c-9f8cc56d5633,17,f,2025-10-23 21:04:59.561,f,f,f,2025-10-23 21:04:55.561,2025-10-23 21:04:55.561
83723f78-c1de-45f3-aa09-97a18e971fc7,61e07ea4-b096-4279-803b-3e14f3fb8cd2,92184c46-16ff-45ec-a60a-1ec7ab6db22c,26,f,2025-10-23 21:00:32.561,f,f,f,2025-10-23 21:00:08.561,2025-10-23 21:00:08.561
3fdbb849-baf5-41ba-a50c-cdb4a30d9e10,75e33878-830b-4adc-ad24-1a6f0af4da60,9eed7fdc-3c76-4c93-9411-15054a2b5f51,21,f,2025-10-23 21:01:05.561,f,f,f,2025-10-23 21:00:06.561,2025-10-23 21:00:06.561
3a68d9c5-be56-4876-a8bd-ab86774dc899,e7150d9c-0842-4318-82a6-d258a6e537f3,40285efa-7672-401e-96ae-33486d2daf27,16,f,2025-10-23 21:02:33.561,f,f,f,2025-10-23 21:01:59.561,2025-10-23 21:01:59.561
cfb408f4-d325-4378-a80e-673ac109fa55,d1401f9a-89d6-4d62-be0d-fd64a7175fff,0af91f1c-80cb-4b0a-8216-0f0940c78d9c,1,f,2025-10-23 21:01:30.561,f,f,f,2025-10-23 21:01:01.561,2025-10-23 21:01:01.561
ce32638d-4e24-44af-8077-3845edc36259,476d47ff-68dc-4539-8506-ede77a5c754d,75934f24-c37d-4958-8d16-cddada7b748e,1,f,2025-10-23 21:01:50.561,f,f,f,2025-10-23 21:01:12.561,2025-10-23 21:01:12.561
f7ff66df-ee24-4c26-b799-a8c214a4414b,2ed78b2d-218f-4145-9df1-3d488cf01333,ec1144e7-7101-4033-9c0c-7002170926b1,2,f,2025-10-23 21:04:20.561,f,f,f,2025-10-23 21:04:09.561,2025-10-23 21:04:09.561
51e727ec-3008-4ba5-9dd9-1c7e9351a436,a2adf180-04d3-454c-9fd0-e8c565170820,a35b39c7-b174-4b6e-afc9-4e7b91e40d0f,18,f,2025-10-23 21:05:38.561,f,f,f,2025-10-23 21:04:51.561,2025-10-23 21:04:51.561
eaaaa177-4acc-48ff-b652-0ff52715aa40,62a04c45-3ffa-4988-ac12-170c8c0bc8e1,898971fc-2553-49c4-9c3f-d8f8059d0306,26,f,2025-10-23 21:02:34.561,f,f,f,2025-10-23 21:01:43.561,2025-10-23 21:01:43.561
923ff88c-b8f9-427b-b91c-0393efd9b694,7e25a19d-d674-419e-af0f-aca915fe0c72,d433df5a-7915-4870-921b-a027f68710e1,6,f,2025-10-23 21:03:59.561,f,f,f,2025-10-23 21:03:26.561,2025-10-23 21:03:26.561
103bf456-4d23-40aa-b742-b7166aec4e23,22305168-9c51-42f4-a5f4-eb3f48951cae,6e18f530-1c0d-4919-b7ff-44bdd87244b0,9,f,2025-10-23 21:02:51.561,f,f,f,2025-10-23 21:02:11.561,2025-10-23 21:02:11.561
71bdb55e-69ce-4e50-803b-1ef6747ab14a,83402452-1931-4cb1-8401-50804a43d4ba,0dd17687-9abd-4e08-852e-c78a0a148fd8,2,f,2025-10-23 21:00:48.561,f,f,f,2025-10-23 21:00:37.561,2025-10-23 21:00:37.561
31d058ce-5b8b-4ecf-9100-c344896dc55a,829525e3-6de8-42ff-b69e-80410412322a,c333f3cd-19c0-4c4d-a546-f95311c84806,14,f,2025-10-23 21:04:29.561,f,f,f,2025-10-23 21:04:28.561,2025-10-23 21:04:28.561
756b0e3e-d797-416b-9b45-f795ce423ba9,cbfe81c5-b235-4c90-bcda-3d4d5ba3e0a9,1c89ce48-6788-4cdc-a0bb-f171840f8608,21,f,2025-10-23 21:03:38.561,f,f,f,2025-10-23 21:03:01.561,2025-10-23 21:03:01.561
3ee20e49-da51-482d-811a-231b0f45dee9,9ba4c087-94da-4001-8453-9f9f1469e284,962915b4-b73e-400c-858d-4c2cf0249d64,15,f,2025-10-23 21:03:15.561,f,f,f,2025-10-23 21:02:25.561,2025-10-23 21:02:25.561
2b51b95d-40c0-43f6-8be7-180028c9ecb1,637ceccd-a9b3-4260-b2dd-3e003bb48948,a6b8f229-2073-481f-844f-92908fc82cb8,14,f,2025-10-23 21:02:39.561,f,f,f,2025-10-23 21:02:09.561,2025-10-23 21:02:09.561
d50fdfe7-6b88-436f-931c-df6fc3210e67,a34f5d51-09f6-4a13-9d76-64f4bdcde0bf,62d43acb-38e4-4937-9778-3c2e3f30042f,26,f,2025-10-23 21:04:10.561,f,f,f,2025-10-23 21:03:28.561,2025-10-23 21:03:28.561
924385ee-857b-487b-a15d-7a20bd255eb0,b3e99333-dc05-4464-846e-d7bbfd529fdb,9baa4ee8-9d54-4dd0-a9f0-6805431de5e1,17,f,2025-10-23 21:02:16.561,f,f,f,2025-10-23 21:01:59.561,2025-10-23 21:01:59.561
e9d46303-d62a-44f0-9d9f-f7a61c670a3a,0b422b39-0d2f-4d44-b459-4e363ce76500,ae7abb0f-4bb9-47d0-9150-60dd02813726,15,f,2025-10-23 21:03:46.561,f,f,f,2025-10-23 21:03:08.561,2025-10-23 21:03:08.561
e05920f2-c760-404d-a9a2-d8a7fa792a0f,8d964aa2-647b-4de1-af63-de7b23a90f54,0cd8eb56-8243-4bf3-8657-005fda4bfe6d,15,f,2025-10-23 21:01:09.561,f,f,f,2025-10-23 21:00:49.561,2025-10-23 21:00:49.561
d2947c22-8ad5-41df-86d9-181be9a4e163,552e2605-7992-4564-8670-7470dd2c1d1f,661485b9-5daa-4a35-bc5a-a7154d76f509,25,f,2025-10-23 21:02:56.561,f,f,f,2025-10-23 21:02:14.561,2025-10-23 21:02:14.561
7bc822ba-bcda-4239-a84b-baf2b822aecc,53cd4186-36f7-49d6-8a91-41de58f21fa1,7173693a-acb9-4aa3-bf39-c393171d089d,15,f,2025-10-23 21:03:56.561,f,f,f,2025-10-23 21:03:36.561,2025-10-23 21:03:36.561
5ba3ae00-8ed9-48d5-8959-6d1b891997e7,c5af5330-986f-45da-baf8-80e73940273e,164015a5-cdca-4f2c-8dad-1ba06919183b,20,f,2025-10-23 21:02:26.561,f,f,f,2025-10-23 21:01:44.561,2025-10-23 21:01:44.561
f0d5e9f3-4de8-49c9-883d-8712ec1cad78,fe4ed983-8dc0-4deb-896a-72f33aa9eed6,7aa282a2-baf2-40f0-9493-e3c3ccd99128,17,f,2025-10-23 21:04:59.561,f,f,f,2025-10-23 21:04:26.561,2025-10-23 21:04:26.561
75465062-5b89-4675-ac2b-98cd2481db90,a6b16168-72e6-4ce8-a73b-87d8a2cf33e5,071c5583-04ac-4e27-83de-13d1a07e15a5,7,f,2025-10-23 21:04:22.561,f,f,f,2025-10-23 21:04:05.561,2025-10-23 21:04:05.561
e01e3912-5efb-4bb1-aa5c-993371fdd681,18017b72-2279-4eb6-a691-8ed8a32cd67c,3b0cb01c-de8d-41ba-98ef-6c1e635b6649,26,f,2025-10-23 21:02:40.561,f,f,f,2025-10-23 21:01:50.561,2025-10-23 21:01:50.561
631ce325-aae5-4426-86cc-d5b386eddf1d,ff0278fd-a765-4d7e-9978-d69d4e1bd85c,17c80c6a-1009-4e4d-b996-8a4bc5b9cc84,26,f,2025-10-23 21:00:50.561,f,f,f,2025-10-23 21:00:20.561,2025-10-23 21:00:20.561
55157d64-c736-4fc2-8b16-27464feecc6e,8d954547-830a-4144-9328-ec545c83d5ab,e502e596-551b-42ab-95ba-0c43ed984345,11,f,2025-10-23 21:04:04.561,f,f,f,2025-10-23 21:03:29.561,2025-10-23 21:03:29.561
a9e34a9c-bf1b-4675-86ef-bb311119657d,7cbc76ef-2004-4741-b45c-8bf851b9b7e7,1c8ff827-cf7c-44af-9a7d-dca8dc6dd345,14,f,2025-10-23 21:02:56.561,f,f,f,2025-10-23 21:02:00.561,2025-10-23 21:02:00.561
abc092b7-2d4b-4576-a834-0eaa2d9f4ad8,0f3e7885-4fc8-43c0-b606-642c86a33fb6,2ecd589a-3e16-484c-a79e-1e1d2a0272c9,21,f,2025-10-23 21:02:07.561,f,f,f,2025-10-23 21:01:30.561,2025-10-23 21:01:30.561
745bc83e-3e86-4521-913c-59688f7f64d1,0f9b1f0f-2ac6-4265-8a41-03aa57fe3a5f,22ea1ec5-95bb-4696-a2fb-d6c71e65ba44,19,f,2025-10-23 21:00:43.561,f,f,f,2025-10-23 21:00:37.561,2025-10-23 21:00:37.561
fa6125ea-6dc7-4be0-ac52-a007b8116170,865322cc-e8fa-4241-90bf-e7469f9ba4c1,0cf58be2-cadb-422f-bf89-55622392ff69,19,f,2025-10-23 21:01:39.561,f,f,f,2025-10-23 21:01:24.561,2025-10-23 21:01:24.561
fc1662ca-f540-4003-b90d-1bf2f2fcda52,0623e376-8e9d-4765-a6be-fe53eb963f3b,f9ca338e-7bf4-40d3-85b2-ed0c22876bc9,3,f,2025-10-23 21:03:19.561,f,f,f,2025-10-23 21:02:20.561,2025-10-23 21:02:20.561
38e94986-3fdb-4756-a757-7569267a2a45,0f3e7885-4fc8-43c0-b606-642c86a33fb6,c9748073-c5ef-4fe1-811a-bb43c530c1f6,5,f,2025-10-23 21:04:49.561,f,f,f,2025-10-23 21:04:28.561,2025-10-23 21:04:28.561
33c1bdde-3835-43ed-a400-7749df4a1e9e,d1ca4504-3d4e-4f85-be77-861b30068fba,6c7d7455-b8f4-4ebd-8b57-a25f83439dda,22,f,2025-10-23 21:01:21.561,f,f,f,2025-10-23 21:00:49.561,2025-10-23 21:00:49.561
5f574147-3c12-4ab3-97dc-649d57e579f9,5893ef23-fe60-492a-830e-b32d158c3ef3,0628c1f5-762c-432d-acdd-52c157a8e10b,20,f,2025-10-23 21:02:11.561,f,f,f,2025-10-23 21:01:39.561,2025-10-23 21:01:39.561
25f685c3-93c1-451b-8412-8659bd4fdcbd,23b9ce00-6c6d-401a-9150-dc113ff3c833,ce91f5a6-7ef4-4feb-8530-d7166ecff346,12,f,2025-10-23 21:01:23.561,f,f,f,2025-10-23 21:01:07.561,2025-10-23 21:01:07.561
fde8930a-5db9-450e-b786-718a213d3875,ced92bd8-a8bf-4668-914b-97bdace43c22,1f5d7ffd-8788-4647-8e52-7e61562c6719,15,f,2025-10-23 21:02:46.561,f,f,f,2025-10-23 21:02:14.561,2025-10-23 21:02:14.561
4c8e4f29-06a2-42fc-9129-fb456e31942a,9682efd5-bde3-4241-8e73-55c34d38cf42,7fccd0e1-7a7d-4e86-a448-c057e68cdeca,24,f,2025-10-23 21:04:21.561,f,f,f,2025-10-23 21:04:02.561,2025-10-23 21:04:02.561
51cb6eef-9eef-4730-bc00-4e88d5a15250,456e8e42-4305-4ba6-bd3f-3a5749a40709,cfe72436-80d5-4a06-a096-7bd4e55bd304,3,f,2025-10-23 21:03:24.561,f,f,f,2025-10-23 21:02:57.561,2025-10-23 21:02:57.561
627333de-131c-499f-95c4-0daf0aa88a4a,b2dd233e-3b09-48ef-a097-21d24090bed0,a04c5c07-b449-4d61-b0f7-e0089ff91cb0,26,f,2025-10-23 21:03:39.561,f,f,f,2025-10-23 21:03:13.561,2025-10-23 21:03:13.561
17a16039-e80f-4d81-87c4-6eff121d6077,13dd768a-3842-4939-a804-9cdd7d365f96,2110275a-b75d-46b8-8c09-0796142ec3c0,24,f,2025-10-23 21:02:51.561,f,f,f,2025-10-23 21:02:19.561,2025-10-23 21:02:19.561
bfc56431-cf6b-4105-8fcb-73712c1fb577,7be4a4d4-63b1-4bbe-9064-334c92ce4ea8,ca950a6c-427b-4344-9a06-0c4467e4401c,9,f,2025-10-23 21:04:26.561,f,f,f,2025-10-23 21:03:48.561,2025-10-23 21:03:48.561
4b6f5902-71e0-468a-99cb-ec76a61923e5,6fc80e93-0509-430f-ba60-485ee67cab58,c066900e-5b92-4be1-9a85-500add9e4b06,22,f,2025-10-23 21:04:14.561,f,f,f,2025-10-23 21:03:45.561,2025-10-23 21:03:45.561
a53cb188-38d3-429e-b790-7076dc5a6baa,66a43d3e-d62a-4e94-84dd-f1a50a00171a,fdd8f9f6-b48d-43a1-b70c-b395b3254c65,2,f,2025-10-23 21:05:42.561,f,f,f,2025-10-23 21:04:42.561,2025-10-23 21:04:42.561
91e03c91-b7d6-4c4b-b4bd-4da3854e8263,93353355-d152-4b25-9c56-14f0cf417bbd,e91f1e68-4ad4-4896-b8d7-9ac96fa242de,15,f,2025-10-23 21:01:17.561,f,f,f,2025-10-23 21:01:17.561,2025-10-23 21:01:17.561
5d22729f-51ba-47b7-8997-0ceaed5905b7,e68d1ab4-7a92-42b3-8e3a-1e76db7bb501,b3cdf6b8-349b-4b8c-a126-7e161196e8d3,15,f,2025-10-23 21:00:57.561,f,f,f,2025-10-23 21:00:45.561,2025-10-23 21:00:45.561
068a60a6-3d94-47ba-aa52-df2662afa18b,865322cc-e8fa-4241-90bf-e7469f9ba4c1,4afc8209-c52b-4ea5-ae5d-302909c809cf,25,f,2025-10-23 21:01:48.561,f,f,f,2025-10-23 21:00:53.561,2025-10-23 21:00:53.561
4157b241-04c4-4087-a4c6-007abe37a32e,1cf56e58-ce37-43a4-b1b3-a0eb8b2e76c6,6189065e-fd62-42ac-a57a-06679b9f6430,19,f,2025-10-23 21:02:26.561,f,f,f,2025-10-23 21:02:16.561,2025-10-23 21:02:16.561
c359c92a-80e7-45d6-8891-dd8ad3fe819d,9401de43-2bad-4461-8148-f2fa6bc117a4,4e1716e2-9fb3-4b0d-9e1f-874338ea5593,4,f,2025-10-23 21:00:37.561,f,f,f,2025-10-23 21:00:15.561,2025-10-23 21:00:15.561
9f197191-3781-470d-bcb0-15377d7575f1,246c205a-2b13-4334-9044-2579fdb2e891,ae3b205c-7f95-468a-a338-39ffa29b8ab7,23,f,2025-10-23 21:03:38.561,f,f,f,2025-10-23 21:02:58.561,2025-10-23 21:02:58.561
e112e809-a208-45c3-8f1a-b00525997dd8,a07cec48-4f36-42b7-bd4b-e3b1f12597dc,1f61473f-3cf7-4f3b-b6bc-41564902f77f,1,f,2025-10-23 21:00:30.561,f,f,f,2025-10-23 21:00:06.561,2025-10-23 21:00:06.561
e88a8477-9137-4f13-8e2b-a2f3c5ddaf62,da398931-7338-490b-9c54-503bb760c0ec,db7f0964-c394-4331-9c69-fb4ebc80e3d7,15,f,2025-10-23 21:04:11.561,f,f,f,2025-10-23 21:03:14.561,2025-10-23 21:03:14.561
e5d94db2-34ec-4cca-8ddd-cdf0f5867397,8d954547-830a-4144-9328-ec545c83d5ab,fcb54da6-7ad4-459b-9cb4-fdc00a187eec,19,f,2025-10-23 21:05:32.561,f,f,f,2025-10-23 21:04:39.561,2025-10-23 21:04:39.561
e605b126-f6db-4f5b-b8d2-59b1a7323084,4e344799-c7dc-4212-8595-7d08d529dd28,b04d4697-d066-4096-86be-3239eb506a5f,25,f,2025-10-23 21:04:40.562,f,f,f,2025-10-23 21:03:45.562,2025-10-23 21:03:45.562
3ef4d9d2-e478-412d-b9e9-50caa8280ff6,06928a9a-bff9-4e77-b41d-37f6e90982f1,63d54c11-9081-4198-9c6f-73f9297cc537,10,f,2025-10-23 21:02:16.562,f,f,f,2025-10-23 21:02:01.562,2025-10-23 21:02:01.562
da5bf0b8-7060-4993-8339-189f32e5ec1d,c9339044-10a2-49c4-9ec0-cc24c2e2f6f3,f0095c6b-ca80-4578-b6f6-07af351b4f06,12,f,2025-10-23 21:03:02.562,f,f,f,2025-10-23 21:02:29.562,2025-10-23 21:02:29.562
6ea229fe-bda3-4f27-83b5-98fd593f983b,7974c466-4573-4588-babc-16380fdea91a,55a5d81b-2840-4e60-8abb-62a9c0dd5e1c,5,f,2025-10-23 21:01:51.562,f,f,f,2025-10-23 21:01:00.562,2025-10-23 21:01:00.562
e2bc9b49-71c6-40e9-96e8-c1eb2a8432d1,1a99c1fd-e46a-4ba2-956e-296941a6eef4,a7f71c09-1f01-4be5-bc9c-96365e20e150,5,f,2025-10-23 21:04:18.562,f,f,f,2025-10-23 21:03:38.562,2025-10-23 21:03:38.562
3b36dad7-d031-43a5-8919-9825e63144f3,cea8ec46-a648-44d5-9e4b-efd6b8dad213,c86f5f4b-b308-4548-a6d4-c711df28eb90,3,f,2025-10-23 21:04:58.562,f,f,f,2025-10-23 21:04:56.562,2025-10-23 21:04:56.562
e8457756-5b1d-48ae-9691-e5fcce0bcfa0,79c552ba-bf81-4c1e-bf38-a4efb239268c,a30ba8f2-c838-4e82-b6e1-7b8befefc5c2,26,f,2025-10-23 21:02:40.562,f,f,f,2025-10-23 21:02:29.562,2025-10-23 21:02:29.562
19ebff2b-a544-4224-bdf2-6b961dec960e,e3818d12-deb9-4cb3-8b7f-c91375d563e7,d0194522-6a18-425e-90cc-b9380c836ead,22,f,2025-10-23 21:02:28.562,f,f,f,2025-10-23 21:02:02.562,2025-10-23 21:02:02.562
0a28344d-1597-444c-b7e8-16853be578ec,d6c29e4c-b5ac-43dd-877a-2e302627e7d3,8e4b025d-06eb-4d8f-9033-6f320795ca7d,12,f,2025-10-23 21:04:37.562,f,f,f,2025-10-23 21:04:26.562,2025-10-23 21:04:26.562
99a18581-4a05-414d-9511-f46d8a7f5c3a,d1e0abf0-0c77-4da3-b49e-8ea089d9e782,f1617f90-75cb-40be-9e44-7ec3c689b178,9,f,2025-10-23 21:00:24.562,f,f,f,2025-10-23 21:00:08.562,2025-10-23 21:00:08.562
40be6a7b-1f5f-443a-8f3c-9439fee65368,0c95b2ce-0cba-4161-b65e-4547f7c94f0a,134389c8-5994-49e9-a209-ab9ab431ba25,21,f,2025-10-23 21:00:56.562,f,f,f,2025-10-23 21:00:21.562,2025-10-23 21:00:21.562
b510a9e2-b9bb-4370-a037-8aa246531edb,3409dd17-affa-4de3-9e81-261d5dd96163,a613d0cb-79f6-4550-8410-b9daf2ac9aa1,20,f,2025-10-23 21:02:49.562,f,f,f,2025-10-23 21:02:16.562,2025-10-23 21:02:16.562
669cd350-e986-485c-9a6d-4eed83f52de8,1a99c1fd-e46a-4ba2-956e-296941a6eef4,88806ab0-a32f-498f-a276-260719c9a9e0,1,f,2025-10-23 21:04:49.562,f,f,f,2025-10-23 21:03:49.562,2025-10-23 21:03:49.562
9b06f641-261d-45b9-b625-f78cb36b1fb9,f6c0ce62-bcc9-4ade-99f1-114f66605696,de65ca10-9b76-41e6-a719-43d381fa4ebb,24,f,2025-10-23 21:03:58.562,f,f,f,2025-10-23 21:02:59.562,2025-10-23 21:02:59.562
8bd85b01-71f2-4a2d-8a8b-4870f6ce304f,9b697989-d340-4370-ae94-565e2f78c4f6,c3d77a20-bcbb-4612-aedd-d80a9d1e00b1,3,f,2025-10-23 21:02:25.562,f,f,f,2025-10-23 21:01:45.562,2025-10-23 21:01:45.562
31fb6678-5b4f-49e9-9f11-1e57c6f0e65c,83569f43-15f5-4049-8408-907f6aa26113,9879ff14-3a29-49ff-974c-83760a09aa07,4,f,2025-10-23 21:03:01.562,f,f,f,2025-10-23 21:02:12.562,2025-10-23 21:02:12.562
4fd215d6-d43b-4a13-9e4c-13f64b6a5043,0b422b39-0d2f-4d44-b459-4e363ce76500,9054f79b-8df0-4c47-b707-2f982bc490ee,3,f,2025-10-23 21:04:03.562,f,f,f,2025-10-23 21:04:03.562,2025-10-23 21:04:03.562
b828b21f-4bf7-4ef5-9605-a0d28d1c6582,b32ea1ad-7cd0-4f70-94ca-4fd80d4fb744,ea5dbea6-c8c5-45a2-9644-7ae6cc3ca283,21,f,2025-10-23 21:00:50.562,f,f,f,2025-10-23 21:00:36.562,2025-10-23 21:00:36.562
44c0f2fa-3999-4cd9-93e5-fdc008c7f08e,31186fc1-94e7-48ec-bfeb-dc5f919f763f,e98783b3-ff8c-4b08-8e62-d9614b7c8eff,25,f,2025-10-23 21:03:01.562,f,f,f,2025-10-23 21:02:58.562,2025-10-23 21:02:58.562
b85c6f70-3f3f-4f08-b643-c53bdaf4af20,572f3a26-1349-4354-b743-0e6fe0e7d537,17e4b42f-67da-42db-a5e5-5aff16d6e501,17,f,2025-10-23 21:04:41.562,f,f,f,2025-10-23 21:04:02.562,2025-10-23 21:04:02.562
cfab68fa-3f66-48a0-ac9e-6feb935fdc82,d1ca4504-3d4e-4f85-be77-861b30068fba,7e21e1cc-f9f5-4d20-9c78-db2e1cc425ad,6,f,2025-10-23 21:04:21.562,f,f,f,2025-10-23 21:04:02.562,2025-10-23 21:04:02.562
a90ed38c-a595-4a0b-909e-666058ac242c,8355877f-e9ee-4ed3-8246-43850506b612,9c07426b-64cc-4812-9e1a-643f554c779c,6,f,2025-10-23 21:05:14.562,f,f,f,2025-10-23 21:04:16.562,2025-10-23 21:04:16.562
74fd72aa-1f9b-4286-a9b8-75b22b3bacfb,aa0e8754-1bdf-4869-886b-2dbd76f8bacf,7634fad3-f713-4c64-9c06-d19e254c1fe6,19,f,2025-10-23 21:02:55.562,f,f,f,2025-10-23 21:02:21.562,2025-10-23 21:02:21.562
b3d209bf-3d77-492a-9e0e-d9e22a350804,81836520-d072-4b5d-abfa-8b15f9a6be09,db6d5d24-1629-4712-9d60-0ba7dd6277d5,4,f,2025-10-23 21:03:04.562,f,f,f,2025-10-23 21:02:26.562,2025-10-23 21:02:26.562
4f398b97-e828-4654-b130-35cbc763a693,1ce0875b-f5b9-4521-9cff-8af616dccd01,5e77af7a-8198-45c9-a746-789d91d14ffe,9,f,2025-10-23 21:04:10.562,f,f,f,2025-10-23 21:03:32.562,2025-10-23 21:03:32.562
959825cb-e461-49ff-94df-4c649c4a1570,c4965a5e-f9b0-4dd7-a5a4-6be0bb6d6f86,e12edade-cd1a-420a-b98d-24d8a7de9ee0,2,f,2025-10-23 21:02:48.562,f,f,f,2025-10-23 21:02:04.562,2025-10-23 21:02:04.562
6849b2cb-5039-4094-aa0a-ce833c0d6901,b44fadcc-2400-4d5f-b025-f6b5f33bd6c3,7023e511-3007-4d23-be7e-ba6fc9d18e77,15,f,2025-10-23 21:02:51.562,f,f,f,2025-10-23 21:02:43.562,2025-10-23 21:02:43.562
5fc96a52-4912-49fb-a1a7-f7fc6354322a,6becd6dd-2124-457c-a71e-3891c0b09438,56947eac-06c9-486f-b3d4-8a7a9016c47c,11,f,2025-10-23 21:02:54.562,f,f,f,2025-10-23 21:02:41.562,2025-10-23 21:02:41.562
4d057bf8-b6fc-4790-8a70-70588b965af6,e0c0a292-69b7-4b39-9ad2-0dfd1f336ac3,b6a9a332-f13e-4e3b-8371-c5c9c3c84f83,17,f,2025-10-23 21:02:00.562,f,f,f,2025-10-23 21:01:28.562,2025-10-23 21:01:28.562
0d1ef44d-7fc9-4ea5-9ab5-57b073a7dd98,83402452-1931-4cb1-8401-50804a43d4ba,9654b23f-0fdb-4a4d-aafa-8b024593e97b,15,f,2025-10-23 21:01:11.562,f,f,f,2025-10-23 21:00:50.562,2025-10-23 21:00:50.562
6e43c992-9e3a-4564-900b-710ac38a37c8,56e29ed5-53a8-468e-a628-5ad4783a6dcf,5ee91a31-9d13-48d4-ac66-48789e7dcbe2,2,f,2025-10-23 21:05:45.562,f,f,f,2025-10-23 21:04:52.562,2025-10-23 21:04:52.562
eb67af3e-15f7-4be3-9fe9-134e8aebbbad,877c3aa1-5f78-4377-bdc7-65ddb4387cfe,4ecbe25e-d627-439f-a1b6-fe619ab97233,16,f,2025-10-23 21:02:25.562,f,f,f,2025-10-23 21:02:23.562,2025-10-23 21:02:23.562
703baa4d-9953-48f6-ab97-fcc498896842,eab497c4-c9d0-4e55-89d9-dcabcebfd46d,68aecda1-77bb-4190-96ab-bc2b7862a2b0,12,f,2025-10-23 21:05:01.562,f,f,f,2025-10-23 21:04:21.562,2025-10-23 21:04:21.562
2e79e79b-2a04-4665-b12d-46276a814974,829525e3-6de8-42ff-b69e-80410412322a,ae64dd74-be00-40a0-a816-19c5dadc00a3,12,f,2025-10-23 21:01:49.562,f,f,f,2025-10-23 21:01:09.562,2025-10-23 21:01:09.562
4fc4127d-b81f-4b15-bcf3-baf7716ba83b,d8ce35dc-6a89-4d9f-b663-2f572e19eaa9,6e10cedd-af83-4dd0-a400-fbc04489d21d,6,f,2025-10-23 21:02:59.562,f,f,f,2025-10-23 21:02:22.562,2025-10-23 21:02:22.562
af3f1bce-37bb-4324-b65c-457695457c45,d1ca12c7-7dcb-463a-b55a-b15840ca6ea1,c6c2fbf5-dcfb-447e-a974-f8b43c66cb85,6,f,2025-10-23 21:02:43.562,f,f,f,2025-10-23 21:01:49.562,2025-10-23 21:01:49.562
3f2a57f4-05f2-4211-bd0d-d9a3103814fa,d2526e93-4599-4502-9e13-9a46eb117a95,904c7104-e277-49c7-afba-c17ccc3deaaa,19,f,2025-10-23 21:00:10.562,f,f,f,2025-10-23 21:00:04.562,2025-10-23 21:00:04.562
846db491-0da8-47f0-a8ab-35049261ff91,8355877f-e9ee-4ed3-8246-43850506b612,911049d5-f2b2-4a0b-8f19-84205d5d344a,26,f,2025-10-23 21:01:23.562,f,f,f,2025-10-23 21:00:31.562,2025-10-23 21:00:31.562
379c0cf6-8417-4c01-9370-fe431a15a61f,7974c466-4573-4588-babc-16380fdea91a,d2b0b2ae-2317-4d6e-82e5-6b2b17b55b1e,1,f,2025-10-23 21:04:54.562,f,f,f,2025-10-23 21:04:42.562,2025-10-23 21:04:42.562
17664e94-b46e-4f0e-adec-d73d45bf16d2,5a162bde-215c-467c-baec-277054e6a541,0db707af-34da-4b75-9046-8c61ad7b32e4,17,f,2025-10-23 21:04:04.562,f,f,f,2025-10-23 21:03:37.562,2025-10-23 21:03:37.562
af42e206-0d17-4e64-ac75-e0d668aa6d24,0f31e52e-15ad-4ef7-8a97-2bb6f7f64389,7cb389bd-dc16-41ff-9cd2-deb668368a63,19,f,2025-10-23 21:05:04.562,f,f,f,2025-10-23 21:04:54.562,2025-10-23 21:04:54.562
9c431ec3-a7bc-46d0-a3fe-b85efd4a20d6,0c95b2ce-0cba-4161-b65e-4547f7c94f0a,33035805-c6af-4843-86d3-8b74a5627b9d,1,f,2025-10-23 21:02:16.562,f,f,f,2025-10-23 21:01:58.562,2025-10-23 21:01:58.562
0f7d828e-105c-47eb-ad00-e8d298e96b6a,b38a0c7e-5fe2-4783-9bbd-cef0bda353c8,36f12d91-a0cd-4617-95c0-e0048f7ce717,22,f,2025-10-23 21:00:42.562,f,f,f,2025-10-23 21:00:31.562,2025-10-23 21:00:31.562
1b378e4e-8eb5-42ea-b356-378e48e6ece4,3b192367-e559-48df-89ab-c2b8780d4d52,69b35f5b-9120-43ae-bca7-c49e75f9e02b,26,f,2025-10-23 21:04:32.562,f,f,f,2025-10-23 21:03:59.562,2025-10-23 21:03:59.562
0647e94d-1bbe-490c-8259-fe2965f21855,e1dec8d2-8bfa-4c19-98c6-8c2a729ab49f,9215e0aa-38f2-446e-b622-6cfee40b55e4,7,f,2025-10-23 21:04:32.562,f,f,f,2025-10-23 21:03:59.562,2025-10-23 21:03:59.562
9f2314d1-b1a7-4112-b4ae-a29ac09a6a68,7bf32634-d2ae-4de6-bbc9-d9504f1c3a48,f40e18f4-94e3-48fc-9b7f-2e26eec12b1a,24,f,2025-10-23 21:04:34.562,f,f,f,2025-10-23 21:04:03.562,2025-10-23 21:04:03.562
4f8a82ce-7b45-49a5-ab93-a211a364f188,1458d996-7fba-4e2a-9e38-29ed40029b48,cae02bad-1680-4f47-801e-eec259d4bf17,22,f,2025-10-23 21:04:44.562,f,f,f,2025-10-23 21:04:22.562,2025-10-23 21:04:22.562
7c19d407-46f5-49c2-8020-b8c9dac49592,bb8ffa38-f2d4-4d20-987f-7a6adbe59649,d861ca04-16a4-4a9b-9fb1-0b9d308fdeff,6,f,2025-10-23 21:04:02.562,f,f,f,2025-10-23 21:03:53.562,2025-10-23 21:03:53.562
c24ebfbb-a907-4459-9094-b7c383b813c6,19a4b067-be02-4d7a-b949-0585718aebd2,92e7a79b-92ad-4008-b68c-f0302f4169ee,11,f,2025-10-23 21:03:44.562,f,f,f,2025-10-23 21:03:37.562,2025-10-23 21:03:37.562
4e3ec9e7-53d8-4905-a500-829349a6d1f6,04332e1a-b18e-4425-9fe1-c19e583444bc,7f07f727-c5a4-41a5-b01f-dd575a91477e,21,f,2025-10-23 21:00:17.562,f,f,f,2025-10-23 20:59:58.562,2025-10-23 20:59:58.562
ef64ecd8-9850-4926-9719-13b02b45c03c,2ed78b2d-218f-4145-9df1-3d488cf01333,e2a5827e-add0-4e44-bfae-84818ed246b5,5,f,2025-10-23 21:02:58.562,f,f,f,2025-10-23 21:01:59.562,2025-10-23 21:01:59.562
a233a7c3-046a-4ac9-a320-f69a1eeed804,08ea419a-6393-49a4-9b6c-f041bb48b7e4,cbc0324b-f705-41d8-bc95-974dbe4a8182,9,f,2025-10-23 21:02:32.562,f,f,f,2025-10-23 21:01:56.562,2025-10-23 21:01:56.562
7692dcc0-cd1e-4ed8-bc1b-57c74574428e,c1c3138a-a1d8-4dfe-acb8-5d2c49d372c6,ab0a3a8d-fe8d-4448-9150-2c829f82b577,4,f,2025-10-23 21:04:56.562,f,f,f,2025-10-23 21:04:05.562,2025-10-23 21:04:05.562
d2bc5e5f-d910-412a-880c-a0293d66ebc7,4680ee3e-1a85-4130-a36b-42655eb6ec1a,36dc278b-78fb-435e-8879-412bd0036c43,25,f,2025-10-23 21:00:58.562,f,f,f,2025-10-23 21:00:38.562,2025-10-23 21:00:38.562
54143df8-32f7-40d7-95d5-c211bc48ab23,664dea4c-0cf9-4ac1-848f-1cf54bd13d37,1cc29f98-d449-47f4-b357-0bfbe89df6ef,6,f,2025-10-23 21:03:03.562,f,f,f,2025-10-23 21:02:55.562,2025-10-23 21:02:55.562
09aaebd5-abf5-432d-b55e-95dba8e77742,b21b2534-341a-4a71-bd11-6f2fc7b491a5,ef69b5c1-1cf5-46ac-a12f-93bbc579d6f5,17,f,2025-10-23 21:01:24.562,f,f,f,2025-10-23 21:00:34.562,2025-10-23 21:00:34.562
f66815cb-30ed-4c36-8ff5-4b4108c5133a,b38a0c7e-5fe2-4783-9bbd-cef0bda353c8,b2fff8ed-03a9-46c9-8161-a9092fa679d7,3,f,2025-10-23 21:03:53.562,f,f,f,2025-10-23 21:03:04.562,2025-10-23 21:03:04.562
2c90006a-1141-4e9f-9a2b-c5f04f324389,ee9cd42a-cefe-4fb2-9733-1a8bd69800e6,3c29d871-1e50-4feb-bf93-6f3f25a608e0,6,f,2025-10-23 21:00:52.562,f,f,f,2025-10-23 21:00:14.562,2025-10-23 21:00:14.562
a20fef6b-538b-4a5e-afc2-dddd040da1cb,e745a36c-6479-4571-be43-3a56d3741a72,c226940b-728a-4540-a31d-549fa2738cfa,9,f,2025-10-23 21:04:02.562,f,f,f,2025-10-23 21:03:56.562,2025-10-23 21:03:56.562
a31f211e-38cd-4238-b756-6f154fa2fe5f,2a61ecea-b697-45b0-bd3d-bdbb92036998,12c67a67-fe07-4232-b47f-14947b07e093,24,f,2025-10-23 21:01:24.562,f,f,f,2025-10-23 21:01:14.562,2025-10-23 21:01:14.562
ac003ed8-a715-4a78-a861-7dfda7c7d3d5,74463464-2081-485f-beae-8c8b05bb1838,69b67238-b324-4fd9-8ce9-2369d0ae4cd4,3,f,2025-10-23 21:02:08.562,f,f,f,2025-10-23 21:01:14.562,2025-10-23 21:01:14.562
f6b76809-ad80-4fea-9bc2-43f849ee19ab,e9bba459-2680-40ab-a084-497a830858d3,a251da33-e285-44d8-9880-d3360b673190,18,f,2025-10-23 21:02:31.562,f,f,f,2025-10-23 21:02:03.562,2025-10-23 21:02:03.562
8d2f1f35-3314-4648-95e5-89c139e2ae93,e745a36c-6479-4571-be43-3a56d3741a72,6ffe42f3-9f2b-47f3-878d-87dfda442846,21,f,2025-10-23 21:05:22.562,f,f,f,2025-10-23 21:04:24.562,2025-10-23 21:04:24.562
e5491f33-805b-42d3-a2ed-de61cb5a4684,6d99aaee-42a3-442c-932d-ee776ca85926,c0d30113-a446-4905-aa3e-4e073f05910b,9,f,2025-10-23 21:01:44.562,f,f,f,2025-10-23 21:00:56.562,2025-10-23 21:00:56.562
c04c6592-fe7c-4ab2-b225-ec54af3bb795,e1dec8d2-8bfa-4c19-98c6-8c2a729ab49f,898a416c-85a5-4f69-9fff-cbb03b632f7f,16,f,2025-10-23 21:03:24.562,f,f,f,2025-10-23 21:03:11.562,2025-10-23 21:03:11.562
61cc25b9-ac6e-4015-866d-828e8163a2e3,04332e1a-b18e-4425-9fe1-c19e583444bc,2106ea04-888e-4887-a411-98357497153b,19,f,2025-10-23 21:02:52.562,f,f,f,2025-10-23 21:01:58.562,2025-10-23 21:01:58.562
0de769c7-47f8-4eab-ac06-2ff8ee22fe3a,9ba4c087-94da-4001-8453-9f9f1469e284,f1057b7b-f10a-4c0b-8cef-4284c9d756e9,6,f,2025-10-23 21:04:19.562,f,f,f,2025-10-23 21:03:24.562,2025-10-23 21:03:24.562
b1aeb5b0-c98c-459d-bddf-2c45d87d3d6e,18d98645-525d-4613-b8a2-d97d54e807ca,8060f4f0-2763-4d4a-8763-d5baa67bf59d,25,f,2025-10-23 21:02:01.562,f,f,f,2025-10-23 21:01:35.562,2025-10-23 21:01:35.562
792455fb-fb7c-4af6-a20e-e81aa21d5a93,efe07a4d-f6ef-469f-92ac-f996d344fe6e,06f4aced-8884-4624-9dbf-514703d4f128,1,f,2025-10-23 21:03:30.563,f,f,f,2025-10-23 21:02:39.563,2025-10-23 21:02:39.563
18ef3b11-18b4-47e6-9959-4eda045965b8,cea8ec46-a648-44d5-9e4b-efd6b8dad213,6c95b448-b4b4-41c8-9bf5-89f54929e982,20,f,2025-10-23 21:02:11.563,f,f,f,2025-10-23 21:01:39.563,2025-10-23 21:01:39.563
75f720f7-1702-4ee5-8202-3ab710d5d055,fe37d16b-9c75-4525-8d63-1202196d4619,43baa4e8-e773-46d2-99dc-8fda92c7fe6e,4,f,2025-10-23 21:04:38.563,f,f,f,2025-10-23 21:04:37.563,2025-10-23 21:04:37.563
7a4439e1-18dd-464f-9971-3e1489ac92cc,c71102e8-6e0a-40df-968a-b038f3f10ce3,1dc2573a-55d4-4c5b-8f87-fa60dd4c06bd,12,f,2025-10-23 21:03:57.563,f,f,f,2025-10-23 21:03:07.563,2025-10-23 21:03:07.563
213d2fe5-eb03-424d-8b38-e2a7b53b9c6c,d9d43caf-1412-4070-9da9-5145c4603ea8,66e17b0a-2087-4325-a420-e9fde8261e96,7,f,2025-10-23 21:03:54.563,f,f,f,2025-10-23 21:02:59.563,2025-10-23 21:02:59.563
4af1b29e-0a9d-415a-89f8-34af7a4cfe6d,875d00d5-1a06-4d3a-8888-911672878a02,591f1b71-61c6-4056-b2ec-e01d0c164e27,15,f,2025-10-23 21:01:25.563,f,f,f,2025-10-23 21:01:20.563,2025-10-23 21:01:20.563
ea23426f-fc16-474f-b654-e644723e8407,fc5f7422-4af8-47de-a1fa-57648d5d9a38,62f685eb-db80-49cd-a388-2880167e274c,2,f,2025-10-23 21:04:57.563,f,f,f,2025-10-23 21:04:33.563,2025-10-23 21:04:33.563
aa9c8ad1-aa14-4d61-9055-a8ac7e4961c8,2aa34f98-4a1e-4d22-875d-af153f3b2975,d43b8394-9803-45d6-9c6d-bf0f8171d5e4,5,f,2025-10-23 21:05:49.563,f,f,f,2025-10-23 21:04:50.563,2025-10-23 21:04:50.563
856cd041-ff6d-4620-9550-a6dacc2bd826,3c64a31d-8fb1-4cd6-b47a-2054e588406c,91873f7e-1694-4f82-96bd-74657b32e119,18,f,2025-10-23 21:02:10.563,f,f,f,2025-10-23 21:02:05.563,2025-10-23 21:02:05.563
29702a23-7a6f-4972-b61a-735fda55ec9a,7b0c29b6-a858-4186-984e-04e517b01d2a,20590975-62c1-486d-9bd4-0ab862cbed31,21,f,2025-10-23 21:04:39.563,f,f,f,2025-10-23 21:03:43.563,2025-10-23 21:03:43.563
a4aa633a-6fd0-4b66-94dd-3bef6a727e32,19a4b067-be02-4d7a-b949-0585718aebd2,e38ba68f-a81a-4bb0-93f7-c63dde569c48,12,f,2025-10-23 21:01:57.563,f,f,f,2025-10-23 21:01:35.563,2025-10-23 21:01:35.563
4f76d359-558c-458f-bea7-c3cbe3503396,7d597656-ad74-4a06-808b-bbbbaac7a3f4,ac8535c8-8599-490d-bf4f-a57cba62a9f4,12,f,2025-10-23 21:04:22.563,f,f,f,2025-10-23 21:04:22.563,2025-10-23 21:04:22.563
d794c03a-b348-4195-87a3-462f75eb12cb,4dd30e2d-a88d-4313-8433-4ff081a36b0f,f34b5a50-4e5f-4695-913f-c69b6b4271e4,15,f,2025-10-23 21:01:47.563,f,f,f,2025-10-23 21:01:04.563,2025-10-23 21:01:04.563
3cdfc975-4c17-4180-bc0d-9d3c714fb6c1,9bc6a96c-b405-4aea-8a01-5bf3a10e9964,f9bea0a0-9f62-417c-a129-fcca3f46b7dd,15,f,2025-10-23 21:01:39.563,f,f,f,2025-10-23 21:00:42.563,2025-10-23 21:00:42.563
402b52c9-3637-493d-a947-8bc9d29d8607,f9f423b9-e0b6-4663-8130-24378796e4d2,1f7c0cc4-a7f9-4c79-9968-45a392e00e42,7,f,2025-10-23 21:00:12.563,f,f,f,2025-10-23 21:00:09.563,2025-10-23 21:00:09.563
a11e4b21-4ac0-4b61-8d3e-cbf50771b0eb,3025ba64-03c0-4d4d-ba58-217566f05a5d,d6abd03d-8ac3-45d7-9dc4-ac8264cb048e,7,f,2025-10-23 21:01:18.563,f,f,f,2025-10-23 21:00:34.563,2025-10-23 21:00:34.563
695c1914-8534-48b4-9803-90486bdbea01,4e344799-c7dc-4212-8595-7d08d529dd28,b08ccc2c-3c57-499f-ab80-a373374d782a,15,f,2025-10-23 21:03:16.563,f,f,f,2025-10-23 21:02:37.563,2025-10-23 21:02:37.563
d20358f1-f489-4f09-850f-a81aba1658b2,79368387-9c41-47e3-a2e3-1f4a3100405b,6b8b6e93-d27f-4678-ba6d-47c59394e562,18,f,2025-10-23 21:03:43.563,f,f,f,2025-10-23 21:02:48.563,2025-10-23 21:02:48.563
a6c50e25-a9dd-49bd-a80d-d629cc07bf63,b3a747bf-5715-4baf-bcff-07a1310a1df6,9ba1ab50-bc5c-4576-8e11-cbed10e97b1c,6,f,2025-10-23 21:00:53.563,f,f,f,2025-10-23 21:00:38.563,2025-10-23 21:00:38.563
ef8e297c-afb1-4fbc-8007-f715a6f04f4e,1aaf1b72-52bb-4214-8f5f-777bf795eab8,3749633c-d820-49a3-a001-1a138df34846,1,f,2025-10-23 21:03:08.563,f,f,f,2025-10-23 21:02:50.563,2025-10-23 21:02:50.563
7f43f1fd-f37b-4d44-8ee8-fda2e3bbcbab,1a601bdb-2012-4114-bee3-04e9b6a98f89,ce053460-dfc3-4e9c-a599-88dd4b2b6946,2,f,2025-10-23 21:04:24.563,f,f,f,2025-10-23 21:03:41.563,2025-10-23 21:03:41.563
fe8a75c8-4a6e-4e83-9b87-5659c9d88d52,d6c29e4c-b5ac-43dd-877a-2e302627e7d3,ff92a891-af88-4671-9ab5-08cb9a7c08dc,17,f,2025-10-23 21:02:41.563,f,f,f,2025-10-23 21:01:54.563,2025-10-23 21:01:54.563
61dbe3dc-3d4f-497c-879f-4f0bc1f32f6b,3eae19b6-0671-4b9c-884b-26f4f5b93a76,02d52f4c-10b8-4073-a208-4535f6443266,12,f,2025-10-23 21:02:45.563,f,f,f,2025-10-23 21:02:08.563,2025-10-23 21:02:08.563
405a4b0c-a75e-47a3-8aa9-b04dec4851f6,9a7a9eff-5f6f-4171-84bc-7c402e0cbc78,62c76c3e-f30f-4e72-840f-8b14f83ad96c,1,f,2025-10-23 21:01:38.563,f,f,f,2025-10-23 21:01:19.563,2025-10-23 21:01:19.563
d3ddc84b-a238-4d2d-b327-296b80c451e5,bfef7ff7-8446-424b-a823-5ba298f1c5d5,6349e1f4-ae85-4e51-b061-c81b64156373,17,f,2025-10-23 21:01:20.563,f,f,f,2025-10-23 21:00:38.563,2025-10-23 21:00:38.563
9023c247-d621-4684-b8b8-072ee4bc9b24,0102a7a2-ad57-43c9-b584-37c39064ac2a,26b3077d-eede-4bce-a934-d9fe91eb4c9b,2,f,2025-10-23 21:02:34.563,f,f,f,2025-10-23 21:01:51.563,2025-10-23 21:01:51.563
2dd9532a-2cb5-4331-9401-bb9d967e5876,60171d22-a1d1-4f22-892a-f3ed671255f2,8ddd675e-932a-438b-8682-0c91f2314466,15,f,2025-10-23 21:04:04.563,f,f,f,2025-10-23 21:03:18.563,2025-10-23 21:03:18.563
0e3dda74-135c-48c4-b3ed-8e23b2f1e334,814aa95f-80ef-45ca-9f40-ed633644ce10,1a02860a-8af7-4669-bae9-d4bde5b0941f,2,f,2025-10-23 21:03:44.563,f,f,f,2025-10-23 21:03:02.563,2025-10-23 21:03:02.563
8f196c59-834b-4174-9446-b8387e069498,6af5d09d-8143-414e-87e8-80ffce11928a,63424bd9-d884-40af-819c-4000badab8eb,1,f,2025-10-23 21:04:32.563,f,f,f,2025-10-23 21:03:32.563,2025-10-23 21:03:32.563
0b10a410-62d3-4779-9daf-c5710d1fce73,476d47ff-68dc-4539-8506-ede77a5c754d,bbc5cf14-e364-4ae0-85fc-d4992d17b392,12,f,2025-10-23 21:03:10.563,f,f,f,2025-10-23 21:02:53.563,2025-10-23 21:02:53.563
6bfda74c-5ce7-4002-9667-fe0102cf45fd,66a43d3e-d62a-4e94-84dd-f1a50a00171a,80f5dc45-8730-4a32-9823-05e3264a9cfc,17,f,2025-10-23 21:02:16.563,f,f,f,2025-10-23 21:02:13.563,2025-10-23 21:02:13.563
0a3ba5a3-497a-4888-a682-c21c49d47923,88f0822f-d7eb-49c7-a31d-1852effac3fe,36f6c22b-fa15-4cb1-9de6-1330852e6a71,10,f,2025-10-23 21:02:13.563,f,f,f,2025-10-23 21:01:26.563,2025-10-23 21:01:26.563
e64279fd-1aa6-4ceb-a145-080dc7e98128,63e475a6-e0bc-4c56-ba47-12c5bdfe0bf0,b8f124b9-3dee-47df-b499-291f3c0f8711,5,f,2025-10-23 21:03:54.563,f,f,f,2025-10-23 21:03:36.563,2025-10-23 21:03:36.563
9b725792-61aa-4981-974c-698e8a2e4f25,2ed78b2d-218f-4145-9df1-3d488cf01333,f4373153-e4f5-4e64-8c73-50abc3c5ce5d,5,f,2025-10-23 21:04:11.563,f,f,f,2025-10-23 21:03:41.563,2025-10-23 21:03:41.563
b382daa7-e3d9-4473-9a2f-99213fec40d7,57e81323-34db-43b0-bad8-7593469a8259,4f595ae3-18e2-4137-a824-6ef797139ab0,3,f,2025-10-23 21:02:28.563,f,f,f,2025-10-23 21:02:01.563,2025-10-23 21:02:01.563
69830d56-26f0-408b-ab16-a6b206941cb3,5154a7e8-5b09-44a7-9f97-f2f0e20dd35a,a29e0c4e-72d3-4947-befc-1bf4bfddd421,20,f,2025-10-23 21:03:13.563,f,f,f,2025-10-23 21:02:20.563,2025-10-23 21:02:20.563
b6bb11b3-dda8-48e4-aeae-1eeede4bdba5,6421362a-78d9-49a2-970e-ea87f8aa11e0,85580eba-0d51-4509-97d4-ba79a552cc4e,11,f,2025-10-23 21:02:32.563,f,f,f,2025-10-23 21:02:20.563,2025-10-23 21:02:20.563
d6bb9d66-3dfb-42b2-af2f-75426f1a4e0c,ed3dd7e4-2dd8-486d-806a-9835fc25fa4f,225503ba-1723-4f4d-89c0-f1a256548735,6,f,2025-10-23 21:00:42.563,f,f,f,2025-10-23 21:00:01.563,2025-10-23 21:00:01.563
339932cd-c738-4a65-97a5-664d45f0cea9,ced92bd8-a8bf-4668-914b-97bdace43c22,b8ad64e7-8bd7-4d2b-813f-4b1bb8556873,22,f,2025-10-23 21:01:22.563,f,f,f,2025-10-23 21:00:57.563,2025-10-23 21:00:57.563
6415df6e-18c1-49c8-9f86-eb096f172452,cf6fdca7-7930-40bd-a831-a6b8367471e3,915f5fe0-5d6e-407a-acf5-8e624ae0eff2,6,f,2025-10-23 21:02:17.563,f,f,f,2025-10-23 21:01:20.563,2025-10-23 21:01:20.563
24aa7ba9-1c25-48f5-8bf9-ca9bd0e0b18d,4e344799-c7dc-4212-8595-7d08d529dd28,4d37f2f9-0abf-419d-8902-72ef4c69adef,23,f,2025-10-23 21:05:35.563,f,f,f,2025-10-23 21:04:53.563,2025-10-23 21:04:53.563
2029e39f-5558-4244-9ffe-b5eaa99f50d0,46944f0a-64a2-4d0a-a970-3f2b2a198a69,2424defe-b98f-45ef-a722-c6014c63a309,17,f,2025-10-23 21:01:30.563,f,f,f,2025-10-23 21:00:44.563,2025-10-23 21:00:44.563
77991295-f8d2-4ff6-9edb-2fc1e47d66f4,bf532fc5-1804-4428-86b4-a00bfead334a,301f20aa-878c-4ba3-ab78-967b0111def4,10,f,2025-10-23 21:04:57.563,f,f,f,2025-10-23 21:04:11.563,2025-10-23 21:04:11.563
0ef66aa6-96f9-4045-a11f-048a78fd32e4,3fc7fe2d-81d4-4d7c-a781-95117c0fde41,aaf89ff7-867b-45eb-9370-5f1190d3420e,25,f,2025-10-23 21:04:18.563,f,f,f,2025-10-23 21:04:05.563,2025-10-23 21:04:05.563
290aa32e-eb67-420e-b007-ab9baac1d065,0fb4a4c4-3d3e-4aed-866f-a982843f3b71,04a4e92d-879f-4fea-ac3a-4eaf7ce45a11,10,f,2025-10-23 21:01:55.563,f,f,f,2025-10-23 21:01:20.563,2025-10-23 21:01:20.563
4a1eeb0e-722a-4b79-b4d6-c8b442aa0cf4,c402fd29-02a6-46ba-93ad-b41c1fa622e8,0e7ac925-c1d0-4354-b714-b1af815c12a1,4,f,2025-10-23 21:03:18.563,f,f,f,2025-10-23 21:02:49.563,2025-10-23 21:02:49.563
9ffb85d7-4441-4c7c-975f-4d721131992c,3b192367-e559-48df-89ab-c2b8780d4d52,d7b7a7e8-541a-47db-8080-e212745f0fb4,20,f,2025-10-23 21:02:07.563,f,f,f,2025-10-23 21:01:42.563,2025-10-23 21:01:42.563
c801c408-e7e5-4dee-b763-96095a3b01fc,ab2fcbb0-022f-4665-b482-9ac2f23279f3,a514d3d6-16bf-407f-a215-c0543fd0c030,21,f,2025-10-23 21:05:04.563,f,f,f,2025-10-23 21:04:36.563,2025-10-23 21:04:36.563
af5d4231-8770-497e-93b5-2f822c118d9d,a8908794-54cc-475c-b45e-5f071cef72f0,9ba54f68-ae47-4256-ae5c-9b706e31c767,7,f,2025-10-23 21:04:32.563,f,f,f,2025-10-23 21:03:49.563,2025-10-23 21:03:49.563
91942c2c-116b-4348-862b-48cc614bbadf,1693a99e-1bc2-416c-a85a-250249503203,77f691ec-9a14-4242-b729-16b31cd1b444,16,f,2025-10-23 21:02:03.563,f,f,f,2025-10-23 21:01:27.563,2025-10-23 21:01:27.563
397a750e-e820-4aec-bbb0-7f5f77dd3229,abf35784-ef8a-468a-a487-a6b8faf985f8,68f33c61-6110-4606-92fb-7eeefbc5eb4f,26,f,2025-10-23 21:02:05.563,f,f,f,2025-10-23 21:01:54.563,2025-10-23 21:01:54.563
3ed3f806-a126-465e-9e8a-0cf779d224f6,13dd768a-3842-4939-a804-9cdd7d365f96,451fcdce-ce2f-4504-85e2-e18a0db5f082,6,f,2025-10-23 21:01:10.563,f,f,f,2025-10-23 21:00:53.563,2025-10-23 21:00:53.563
d40d73a8-31eb-405a-9598-0877359b869e,b00647a1-5abb-48af-bf65-f35c183f2651,640e27b8-70f1-4fb3-9bb9-f3a5b7c56fc9,17,f,2025-10-23 21:02:13.563,f,f,f,2025-10-23 21:01:58.563,2025-10-23 21:01:58.563
df6d1d9a-5f7c-4a49-b8f3-9ad92046e51a,6753e2fe-41ae-4264-9998-c416b67f4219,9a4658e9-926f-4268-a819-423baa49e20d,10,f,2025-10-23 21:02:40.563,f,f,f,2025-10-23 21:02:29.563,2025-10-23 21:02:29.563
d2902d94-fdee-425b-ba2e-f9fe164d4bae,2eba1789-8d15-48e4-a598-5a78f807c451,258f2252-7de3-4aab-b40b-6164302b7d84,9,f,2025-10-23 21:04:48.563,f,f,f,2025-10-23 21:04:12.563,2025-10-23 21:04:12.563
c9739621-70ac-4e5f-8f5a-2c013bb33b22,09c25de9-3062-4ad7-b2b2-0f5b7c3e6618,faf44daa-0ac0-4d15-9744-1515b6ee9109,17,f,2025-10-23 21:00:28.563,f,f,f,2025-10-23 21:00:24.563,2025-10-23 21:00:24.563
eecae6d2-c45e-4060-b64b-55744c9060c1,914cf2ce-640a-453c-9c78-4a970b7b6ab7,cb46ef8b-caeb-42a4-9d41-a87bf28f5135,11,f,2025-10-23 21:04:51.563,f,f,f,2025-10-23 21:04:09.563,2025-10-23 21:04:09.563
8df41fc7-b31f-44c1-bb1c-13124911dd9b,d1ca4504-3d4e-4f85-be77-861b30068fba,527f9f9a-0f14-4b37-9d6a-aef5b582420e,12,f,2025-10-23 21:01:41.563,f,f,f,2025-10-23 21:01:29.563,2025-10-23 21:01:29.563
50ca732f-72d1-490e-9cec-1ba183452d35,8ce36381-59f3-41f4-b87a-eee3dc359206,670ffd91-66c8-4cd1-9760-df14e3b3a378,1,f,2025-10-23 21:04:21.563,f,f,f,2025-10-23 21:04:04.563,2025-10-23 21:04:04.563
1f2993ae-bab4-487a-8613-b1cbac14ff0b,c1b4d11e-0b6a-4e12-963e-5bb3e1c8665d,ba162047-7f8f-4737-9ccd-cb503a51986d,10,f,2025-10-23 21:04:54.563,f,f,f,2025-10-23 21:04:13.563,2025-10-23 21:04:13.563
617bba67-abb7-4050-a9bd-719e4a3464da,a75bf70a-bdb3-457c-ab7a-df1e9a5d8f48,6c17cb1b-e9ba-4c91-ab6b-a2103e66be1e,24,f,2025-10-23 21:02:52.563,f,f,f,2025-10-23 21:02:31.563,2025-10-23 21:02:31.563
0718c2a0-be7c-42f8-817a-b55a45289336,7977b851-0363-4e99-96a0-ee452eb7c87c,08e3881a-1596-4021-b98f-6b5cb645951f,3,f,2025-10-23 21:04:55.563,f,f,f,2025-10-23 21:04:40.563,2025-10-23 21:04:40.563
8ec478de-c802-4d0b-881d-ddc55663810c,b32ea1ad-7cd0-4f70-94ca-4fd80d4fb744,7541b67d-b844-4432-82e6-f4e202378ae5,18,f,2025-10-23 21:03:09.563,f,f,f,2025-10-23 21:03:08.563,2025-10-23 21:03:08.563
dcc1162a-daff-4a4e-aca4-0446bf1e2252,86e5a239-6917-40e7-89ed-2df7dea879e1,8771a8d1-4fdf-41ca-a5d3-cd5fbead0e01,12,f,2025-10-23 21:02:51.563,f,f,f,2025-10-23 21:02:04.563,2025-10-23 21:02:04.563
89811d08-c5d0-4a29-91a0-918463e11616,03c49ac7-69a3-40cd-9d9a-2fbf63ead44a,89e540b8-6918-4ccd-a5eb-195b1a98481f,24,f,2025-10-23 21:00:30.563,f,f,f,2025-10-23 21:00:23.563,2025-10-23 21:00:23.563
9f236bde-bcc2-479d-b7f0-3988bbefca48,8aad253d-e9de-4728-8beb-bb44eb00ce4b,2183de2c-9c80-4e7a-938c-f3b298c37ba2,25,f,2025-10-23 21:04:17.563,f,f,f,2025-10-23 21:04:03.563,2025-10-23 21:04:03.563
c461f243-1779-4349-b059-62a325ab3f83,53cd4186-36f7-49d6-8a91-41de58f21fa1,66ab4d9f-cbb0-416a-ab59-54563d2f1415,1,f,2025-10-23 21:01:53.564,f,f,f,2025-10-23 21:01:37.564,2025-10-23 21:01:37.564
ecd14d18-477d-4951-8712-aad99bb751c7,dda2cb2c-36b1-43e1-b81d-715393f0fe2e,b84e2963-269e-4ede-b773-1e5921b17047,17,f,2025-10-23 21:03:38.564,f,f,f,2025-10-23 21:03:04.564,2025-10-23 21:03:04.564
7f8fc5ea-f0b3-43ec-986a-91bac0d08bb4,b92256a2-531e-4879-ba26-20a87f7ef93b,b3a2b32c-3cd9-4c9f-8708-02efa93bcb3c,26,f,2025-10-23 21:05:16.564,f,f,f,2025-10-23 21:04:31.564,2025-10-23 21:04:31.564
78d1a4be-cecf-4c84-8e26-dc1c4d2e814d,a34f5d51-09f6-4a13-9d76-64f4bdcde0bf,c036d53f-1e05-4bcc-84a7-cdfa81faa876,11,f,2025-10-23 21:02:54.564,f,f,f,2025-10-23 21:02:50.564,2025-10-23 21:02:50.564
cd961809-8099-434e-8258-4cfca1b4e903,511faa44-1bcc-4e67-8e84-c9594fe6414c,1efe7c43-54e2-40d5-8a57-4707073e5534,16,f,2025-10-23 21:01:00.564,f,f,f,2025-10-23 21:00:55.564,2025-10-23 21:00:55.564
394ca130-ac71-4241-b2e7-746249853bca,86e5a239-6917-40e7-89ed-2df7dea879e1,2dec14c8-9082-492b-b4f7-6c35c6da9d3e,19,f,2025-10-23 21:00:37.564,f,f,f,2025-10-23 21:00:36.564,2025-10-23 21:00:36.564
2b08c20e-b93f-4ab8-ba6f-209ef371513a,ee9cd42a-cefe-4fb2-9733-1a8bd69800e6,64d0a9d7-9514-4f30-a640-52dc79be2825,2,f,2025-10-23 21:02:07.564,f,f,f,2025-10-23 21:01:48.564,2025-10-23 21:01:48.564
fdbcf253-3ef1-4008-8863-73c9b6715fa5,0102a7a2-ad57-43c9-b584-37c39064ac2a,44a1bd4d-9e5b-411c-8a8a-26b4d0148c88,20,f,2025-10-23 21:01:17.564,f,f,f,2025-10-23 21:01:13.564,2025-10-23 21:01:13.564
525146fb-8e32-4125-8e5a-348ccece3991,a72aff70-7608-45e4-bad1-a8357c7da8ea,94452c05-9c51-4e95-b3a3-602c2859d250,18,f,2025-10-23 21:01:15.564,f,f,f,2025-10-23 21:00:46.564,2025-10-23 21:00:46.564
87f2e06a-4f79-4b0f-9b8a-64a075e6a8cc,c0851976-3f33-4712-b55f-847f875cd4a6,616e7069-984e-4574-9ca5-3ab60c38e944,12,f,2025-10-23 21:01:29.564,f,f,f,2025-10-23 21:00:30.564,2025-10-23 21:00:30.564
84c691c7-c958-4e09-a21e-4d5b40415936,3eae19b6-0671-4b9c-884b-26f4f5b93a76,51a4f8b9-9c46-46ff-ab33-05f01a545e96,15,f,2025-10-23 21:03:34.564,f,f,f,2025-10-23 21:02:53.564,2025-10-23 21:02:53.564
0701d57a-2fec-4eb7-937e-994018fce7b9,d86b9c32-6753-4edf-b7eb-2a878446422a,dfeefa22-da5d-4100-b1ac-348934a4258e,6,f,2025-10-23 21:02:34.564,f,f,f,2025-10-23 21:01:45.564,2025-10-23 21:01:45.564
95011949-ef65-4973-b1c5-1c79ce011469,6fa378aa-be82-4b7d-bb09-ee0d41745ef9,2106ea04-888e-4887-a411-98357497153b,12,f,2025-10-23 21:01:42.564,f,f,f,2025-10-23 21:00:55.564,2025-10-23 21:00:55.564
5839d41d-5a99-4185-90a1-90d575dff246,790f18b5-e34b-4d41-ba3e-7978d21cd90f,1ba325f4-d7f0-4829-97dc-cbf4b8fa9088,7,f,2025-10-23 21:04:10.564,f,f,f,2025-10-23 21:03:16.564,2025-10-23 21:03:16.564
0e909a50-10da-45ef-91aa-95d88841c7ef,79c552ba-bf81-4c1e-bf38-a4efb239268c,474ea3cf-3197-4245-ae8e-86e29d470ddd,12,f,2025-10-23 21:04:01.564,f,f,f,2025-10-23 21:03:29.564,2025-10-23 21:03:29.564
2cdeada5-0296-4b4d-a63a-fcd40b1a7bdf,4d3b552b-c8b4-45b4-9463-0d8062da03d5,1332c1a1-12a1-496a-ad16-424f35f00923,6,f,2025-10-23 21:02:55.564,f,f,f,2025-10-23 21:02:35.564,2025-10-23 21:02:35.564
50e47ec1-1643-4a35-b08a-cfc823cb858e,ef1cb41a-ffcc-46fd-ba5a-df7ad08f08a5,ca50a01c-3025-4a57-ab39-16561025aad3,24,f,2025-10-23 21:05:02.564,f,f,f,2025-10-23 21:04:50.564,2025-10-23 21:04:50.564
88e7e684-16e1-4e23-aabe-d426a0f0a7dc,9165084c-36b4-4576-9743-ff51c2c9c8ae,0b871ed1-dc41-484d-8384-02046bb717aa,20,f,2025-10-23 21:04:53.564,f,f,f,2025-10-23 21:03:56.564,2025-10-23 21:03:56.564
7d5b8c20-9fe6-4a1c-8c06-23fcfe2051d0,456e8e42-4305-4ba6-bd3f-3a5749a40709,86f6b7a7-22a1-48d7-b0ac-6b04025b21d6,21,f,2025-10-23 21:01:09.564,f,f,f,2025-10-23 21:00:34.564,2025-10-23 21:00:34.564
c785e711-c2bb-4ce0-aea7-d2b7ad43ed6d,f3c02d85-3137-498f-bfda-be5fba2b3c2d,e03db9fe-82e7-4df2-afd4-8bf9035ffea8,5,f,2025-10-23 21:00:44.564,f,f,f,2025-10-23 21:00:19.564,2025-10-23 21:00:19.564
8e82d696-6cda-442a-972f-3b524357db4a,613f4396-31d3-46be-839a-fcf11a9f1cb2,1824b47a-00c5-4846-ac6f-47e6f79d7265,6,f,2025-10-23 21:03:18.564,f,f,f,2025-10-23 21:02:37.564,2025-10-23 21:02:37.564
a51c1c0b-f01d-46ab-8426-e3a1fd8df169,246c205a-2b13-4334-9044-2579fdb2e891,ac095d56-eada-4117-a834-2026c1b28db0,5,f,2025-10-23 21:01:14.564,f,f,f,2025-10-23 21:01:06.564,2025-10-23 21:01:06.564
52a674a3-9f70-48b4-8c9e-fc06ed7a3f8e,9b2049f2-c063-4ea1-9c59-0e8dca25f3d3,17e4b42f-67da-42db-a5e5-5aff16d6e501,19,f,2025-10-23 21:00:45.564,f,f,f,2025-10-23 21:00:32.564,2025-10-23 21:00:32.564
72f7f248-2d2e-40ee-a90b-bb7626cd6fba,1e2edfe5-94ca-4167-871f-9f51cfe7d619,5239cc54-7740-45d5-aa94-407373148f73,22,f,2025-10-23 21:00:58.564,f,f,f,2025-10-23 21:00:40.564,2025-10-23 21:00:40.564
3869da3f-1302-4757-ba58-decb1284c7e9,1c77329a-6ead-48dc-9e82-ab20b3e179f2,88b1faa5-b4a9-451c-a94b-62abe8987726,19,f,2025-10-23 21:03:29.564,f,f,f,2025-10-23 21:02:33.564,2025-10-23 21:02:33.564
08fe16ef-4389-4227-9789-4e6dacf5478d,b7a8aab1-70ce-4806-8e2c-ac1b46ec62c1,3e541e81-f8dd-42ac-8252-14693d89bfbb,14,f,2025-10-23 21:02:03.564,f,f,f,2025-10-23 21:01:10.564,2025-10-23 21:01:10.564
9224d86a-dedf-4be0-9438-c7b95cd77e3d,ee6b17f7-c4bc-49bb-8486-2bb24436396b,aca3b22e-fa02-4a44-9ff5-ef117f46645e,14,f,2025-10-23 21:03:32.564,f,f,f,2025-10-23 21:03:23.564,2025-10-23 21:03:23.564
59b98fc3-e857-416e-8e47-9b88ef732423,dbc89fb5-8596-4808-813e-abfac93375aa,34ef90b1-f94c-4efd-a917-f809f5d8d2a6,14,f,2025-10-23 21:05:32.564,f,f,f,2025-10-23 21:04:46.564,2025-10-23 21:04:46.564
32cc20f2-fe12-405d-8431-cc8c9d005a9b,12649a89-4a91-4776-ab27-a2a5d461e9e0,563c1787-2341-4a20-96d6-4d7bba8bda99,11,f,2025-10-23 21:04:47.564,f,f,f,2025-10-23 21:04:45.564,2025-10-23 21:04:45.564
82c441e2-7a11-4ff1-98c3-e2f670400f89,122ff0e0-4c63-429c-b321-b867d28c58ea,b9b961e0-9cfe-45b3-9064-53aaa3b05ca6,7,f,2025-10-23 21:05:37.564,f,f,f,2025-10-23 21:04:42.564,2025-10-23 21:04:42.564
2348bc80-0fb3-436b-9d88-a0db11ab79f5,5a162bde-215c-467c-baec-277054e6a541,1513d60f-2a42-4046-a3d9-2c5b727187da,12,f,2025-10-23 21:00:49.564,f,f,f,2025-10-23 21:00:48.564,2025-10-23 21:00:48.564
5c66f992-ac35-4f8c-870e-79464cf5c7b6,3eae19b6-0671-4b9c-884b-26f4f5b93a76,1a59e1e0-d891-4d9d-b9d4-e15a10319133,19,f,2025-10-23 21:01:48.564,f,f,f,2025-10-23 21:01:00.564,2025-10-23 21:01:00.564
3620c5c5-909c-4bdd-8721-cd8076e02dac,1ae54354-7dd5-4c8e-abdc-8b7f5f45a14f,48a55ef4-1071-47b1-b6c1-743aacd82b87,21,f,2025-10-23 21:03:47.564,f,f,f,2025-10-23 21:02:49.564,2025-10-23 21:02:49.564
c260b5fd-4474-4c71-979e-fa46452ac4b8,8abd81d0-5df0-4cca-a4da-95f7f4b6781a,8d3b2f5f-f2c0-4cad-bd13-3140ab7ab322,23,f,2025-10-23 21:04:46.564,f,f,f,2025-10-23 21:04:22.564,2025-10-23 21:04:22.564
9d2526e1-c644-4cdb-9ab7-97f76d6e3c53,22305168-9c51-42f4-a5f4-eb3f48951cae,7304ec2f-c870-4f34-a6d1-c984fc6a96df,21,f,2025-10-23 21:01:23.564,f,f,f,2025-10-23 21:00:49.564,2025-10-23 21:00:49.564
b5159ed0-70dd-4159-8876-83eb96b89f3c,ee3c3a2f-5440-4359-b011-aa53d24a54ec,5876d17d-6dd7-42b7-ba09-7b28ae95260a,20,f,2025-10-23 21:03:57.564,f,f,f,2025-10-23 21:03:26.564,2025-10-23 21:03:26.564
7393cb63-3c3b-4f8c-bd1c-4a8a76b578b3,5afa487b-9ef4-4ff5-986e-be806ed26a6d,095f3e60-b317-4ebf-8d3f-d3d3769db1b6,4,f,2025-10-23 21:04:07.564,f,f,f,2025-10-23 21:03:21.564,2025-10-23 21:03:21.564
e677183e-092c-4d45-b3c9-97befa48f47b,06928a9a-bff9-4e77-b41d-37f6e90982f1,578d4ec2-c904-48f8-b3e8-e745d5a64c51,4,f,2025-10-23 21:01:27.564,f,f,f,2025-10-23 21:00:32.564,2025-10-23 21:00:32.564
5a70fa78-8366-49c5-bdbb-80f0d526e821,76d97d6c-923d-4ec9-9ca0-492361d316b0,f70b4052-1828-4d1c-bbb8-315d9c5489ab,14,f,2025-10-23 21:04:43.564,f,f,f,2025-10-23 21:04:24.564,2025-10-23 21:04:24.564
3208eac5-0103-4137-9f46-3efb369e2539,69f4d1ed-1830-48dc-bb32-e7e50ec72d60,49c8a361-f5d7-49a6-b33c-f69f64817cfa,1,f,2025-10-23 21:00:24.564,f,f,f,2025-10-23 21:00:23.564,2025-10-23 21:00:23.564
6edcdefa-ad98-475e-91b2-f2436d55e63a,fa3cf6cc-a5c1-4b46-ba5f-e78b2fdfab3f,8ccf0e39-32f7-4fb5-9cdb-50b4f2473227,22,f,2025-10-23 21:05:08.564,f,f,f,2025-10-23 21:04:54.564,2025-10-23 21:04:54.564
42ec5173-5e18-4918-90e8-fbbba06fba53,a0194304-cdd6-4b17-8b8f-2f9b0830c75c,1a844b59-c91b-4398-be02-b63a60ac1cba,23,f,2025-10-23 21:05:21.564,f,f,f,2025-10-23 21:04:51.564,2025-10-23 21:04:51.564
df9a8e27-01fc-42ed-bd8d-3410f2eb223a,1e2edfe5-94ca-4167-871f-9f51cfe7d619,1fa0c9ea-8183-440a-a3c2-7d339ae5f9d1,14,f,2025-10-23 21:05:20.564,f,f,f,2025-10-23 21:04:55.564,2025-10-23 21:04:55.564
1cc46395-0a32-495c-b9c7-4243e51a340d,7bf32634-d2ae-4de6-bbc9-d9504f1c3a48,49619f22-efd7-472e-8ab5-72ab1fc502da,6,f,2025-10-23 21:01:58.564,f,f,f,2025-10-23 21:01:07.564,2025-10-23 21:01:07.564
23b601cb-a681-4ee7-b407-e41d744bfe72,cbfe81c5-b235-4c90-bcda-3d4d5ba3e0a9,064d9c5c-9f2c-4e2c-82a7-61622dc570a9,18,f,2025-10-23 21:01:09.564,f,f,f,2025-10-23 21:00:35.564,2025-10-23 21:00:35.564
e0e03a32-1b43-4c54-a89a-22cec4123430,dd55ea3a-f05a-4022-b6be-2dfef7f40abf,49daf87a-0a39-4a8e-9fb1-0303c8141adb,24,f,2025-10-23 21:03:00.564,f,f,f,2025-10-23 21:02:25.564,2025-10-23 21:02:25.564
1a9c45e0-44e8-41d1-858c-09e1f6bf83e4,b44fadcc-2400-4d5f-b025-f6b5f33bd6c3,37c2c822-2c9f-47b7-ad2d-5d26443eacb2,25,f,2025-10-23 21:03:50.564,f,f,f,2025-10-23 21:03:25.564,2025-10-23 21:03:25.564
fdbdbdef-85a5-4964-9c8b-4a748a6d7c28,2afc7d9d-39e2-4676-bfc7-c9dd926b38fc,af5c1894-aeb1-4da5-9ee9-f6bbbc8cb377,21,f,2025-10-23 21:03:20.564,f,f,f,2025-10-23 21:02:20.564,2025-10-23 21:02:20.564
60ea3fa1-b569-4891-9299-969ab5f579f3,9401de43-2bad-4461-8148-f2fa6bc117a4,da425ffa-4b1b-4249-a0fb-c6e076f39bf1,4,f,2025-10-23 21:00:44.564,f,f,f,2025-10-23 21:00:03.564,2025-10-23 21:00:03.564
1f502f95-7e0d-4940-8ec7-3ae7369b669c,db513614-91f6-4335-b165-ad24032c99fc,029dde72-3839-44ae-9dae-324a0c93f5b6,2,f,2025-10-23 21:01:05.564,f,f,f,2025-10-23 21:00:10.564,2025-10-23 21:00:10.564
452d1fe5-e5e3-472d-8d9a-9521dac239c7,e9bba459-2680-40ab-a084-497a830858d3,a1794529-e820-499a-9277-160792a78ed8,14,f,2025-10-23 21:00:41.564,f,f,f,2025-10-23 21:00:13.564,2025-10-23 21:00:13.564
23d2e57b-40ae-4a0e-ae68-51f3b2f633f2,fe37d16b-9c75-4525-8d63-1202196d4619,04523a2a-8c60-4d62-a18b-6211669fa916,2,f,2025-10-23 21:04:29.564,f,f,f,2025-10-23 21:03:53.564,2025-10-23 21:03:53.564
c2a5c68e-b4fa-436a-aa7e-163ba0e2d4d9,19a4b067-be02-4d7a-b949-0585718aebd2,20c58859-7c4b-4499-98ec-dc845b1a88b6,21,f,2025-10-23 21:02:05.564,f,f,f,2025-10-23 21:01:34.564,2025-10-23 21:01:34.564
b4fb532c-7ec4-4fc2-ab9d-58c41e26b64d,06928a9a-bff9-4e77-b41d-37f6e90982f1,d30b70fd-e621-4a3d-b545-dcba9cf6460c,5,f,2025-10-23 21:01:27.564,f,f,f,2025-10-23 21:00:59.564,2025-10-23 21:00:59.564
3a2d768e-9eea-4b1e-8607-3c9e8a30983a,06928a9a-bff9-4e77-b41d-37f6e90982f1,1f6838a3-2d9f-454a-8eb3-e009667276d2,4,f,2025-10-23 21:04:34.564,f,f,f,2025-10-23 21:04:10.564,2025-10-23 21:04:10.564
1a133d77-02ff-4f67-8450-bec987aad8df,f49e230a-236b-47af-870b-70b488a68af3,68b15b7b-eec4-4e5f-9304-17cbbb7bd4b7,21,f,2025-10-23 21:02:14.564,f,f,f,2025-10-23 21:02:05.564,2025-10-23 21:02:05.564
b9a7e8a4-646c-4a57-a353-70c8e897d2e8,4382fbf7-aa77-41d5-ac2a-a1b4917bb1fa,c72a242e-f1d5-4385-ae99-4d1c3192f164,1,f,2025-10-23 21:05:43.564,f,f,f,2025-10-23 21:04:48.564,2025-10-23 21:04:48.564
b5babd3c-24ff-43bf-9a53-ed4f3430e9de,b7a8aab1-70ce-4806-8e2c-ac1b46ec62c1,9ec23a94-9672-4b25-98db-638ec7723e62,25,f,2025-10-23 21:05:34.564,f,f,f,2025-10-23 21:04:36.564,2025-10-23 21:04:36.564
3223ffa4-c2b7-4442-b4a1-404a42d56cf2,83569f43-15f5-4049-8408-907f6aa26113,99e02a94-517c-4ea1-9e64-202299279655,17,f,2025-10-23 21:03:00.564,f,f,f,2025-10-23 21:02:21.564,2025-10-23 21:02:21.564
d69ab9a3-d981-4297-87b7-d0b3f7be09d4,5f452c78-8a36-45b8-8961-302da5dcbcea,52b0f195-67c7-4b4e-90f6-9de3d3a42d17,14,f,2025-10-23 21:00:56.564,f,f,f,2025-10-23 21:00:04.564,2025-10-23 21:00:04.564
c4dbc516-cc28-498c-8aa0-061b48ba5d2d,db513614-91f6-4335-b165-ad24032c99fc,34df9e4c-cf2b-4a2c-89be-780d155a0633,1,f,2025-10-23 21:00:39.564,f,f,f,2025-10-23 21:00:29.564,2025-10-23 21:00:29.564
15e8401d-460b-415d-8580-a5946e60e7d8,7974c466-4573-4588-babc-16380fdea91a,e13f5cc3-4b68-4706-a18a-aec79ddc132f,7,f,2025-10-23 21:00:12.564,f,f,f,2025-10-23 21:00:10.564,2025-10-23 21:00:10.564
69c068bc-b6c2-4ce0-bc10-903a3cc55696,1c77329a-6ead-48dc-9e82-ab20b3e179f2,45743ef7-cb80-4a07-a3b1-64e71ddd5162,12,f,2025-10-23 21:02:03.564,f,f,f,2025-10-23 21:01:39.564,2025-10-23 21:01:39.564
be192b8e-b077-453c-9276-4faefa6bc4ea,169eb11a-232f-4318-a0cf-50955fcd8030,42f16b79-2040-4d4c-b851-889434393abd,12,f,2025-10-23 21:03:07.564,f,f,f,2025-10-23 21:02:08.564,2025-10-23 21:02:08.564
ff419b01-9a47-47e6-aef1-ae2ef1099453,bfef7ff7-8446-424b-a823-5ba298f1c5d5,c16eb542-5927-4f22-83da-06403d21bd83,3,f,2025-10-23 21:02:35.564,f,f,f,2025-10-23 21:02:33.564,2025-10-23 21:02:33.564
a710a278-cdc3-4b88-9dd8-30f5f92c0368,e8bf536c-4e22-468f-8d96-810e8ca26736,02de891e-d1bd-4914-96ab-cce985abc979,16,f,2025-10-23 21:02:06.565,f,f,f,2025-10-23 21:01:10.565,2025-10-23 21:01:10.565
4d1b34e3-4266-4a5f-aa69-5196082ab765,122ff0e0-4c63-429c-b321-b867d28c58ea,7ad329d0-9b35-437a-b342-01b4bcde6bc9,4,f,2025-10-23 21:01:05.565,f,f,f,2025-10-23 21:00:39.565,2025-10-23 21:00:39.565
51f343f7-76c7-4d14-897a-48fdbda1ecbe,81836520-d072-4b5d-abfa-8b15f9a6be09,30b75151-2619-4c1e-89f4-539b4a861dfb,17,f,2025-10-23 21:03:43.565,f,f,f,2025-10-23 21:03:28.565,2025-10-23 21:03:28.565
16c75cd0-5c97-4768-9139-9420be4110f6,664dea4c-0cf9-4ac1-848f-1cf54bd13d37,091424ca-4e0c-42f3-a0df-ee4276132c9a,4,f,2025-10-23 21:00:28.565,f,f,f,2025-10-23 21:00:17.565,2025-10-23 21:00:17.565
922cd9ae-412b-4e0b-a95f-f438fc66cee7,5206faed-e3f5-4aa8-b300-e23afc6573ff,790b89cd-1990-4235-82c5-cedc1a626c23,7,f,2025-10-23 21:05:47.565,f,f,f,2025-10-23 21:04:57.565,2025-10-23 21:04:57.565
de9e8a22-881e-4cc4-b97d-74e80dd486ad,9e8efa1b-738f-4d67-afc9-f7f32395d6ba,1b8818e5-2f4b-466f-a676-8d3a4bf6f312,22,f,2025-10-23 21:01:09.565,f,f,f,2025-10-23 21:01:02.565,2025-10-23 21:01:02.565
e50afa4f-5905-4c8b-b4e9-06508d703eea,1e2edfe5-94ca-4167-871f-9f51cfe7d619,8606bbd4-6c8d-4836-bdaa-8e9c7e4ccb74,17,f,2025-10-23 21:02:58.565,f,f,f,2025-10-23 21:02:27.565,2025-10-23 21:02:27.565
0804ecb2-0b8c-4334-b606-8e87f0e10769,5154a7e8-5b09-44a7-9f97-f2f0e20dd35a,c0b9d9cc-371a-4adf-a3c1-b00f9d9d0b0e,9,f,2025-10-23 21:01:08.565,f,f,f,2025-10-23 21:00:20.565,2025-10-23 21:00:20.565
887adda4-cbb7-4dbf-8e1b-aa9dd5e785f2,3eae19b6-0671-4b9c-884b-26f4f5b93a76,9b777354-c110-40fa-b56d-64c77fbb247f,2,f,2025-10-23 21:02:02.565,f,f,f,2025-10-23 21:01:53.565,2025-10-23 21:01:53.565
d426337c-2655-4c70-8988-44afc1a158cb,85e4ea8f-cf64-412e-87fb-793d6de69c6b,395e3a14-b0cc-4efa-8ec1-44cf953d8028,2,f,2025-10-23 21:04:22.565,f,f,f,2025-10-23 21:03:42.565,2025-10-23 21:03:42.565
4de4ae6d-a130-41e2-9742-51865058218f,347a49c0-7012-425e-b445-4d093046ff62,7a3f786e-7078-493d-a3a2-03f7967b3dc2,25,f,2025-10-23 21:02:30.565,f,f,f,2025-10-23 21:02:28.565,2025-10-23 21:02:28.565
c29ed3ce-f24a-476e-8ba6-48c74266a890,d29d5ce4-59ad-48ea-8ba8-ca8f8c43a1c9,bd53a150-1126-485e-8029-69a6fbaa0e03,16,f,2025-10-23 21:03:56.565,f,f,f,2025-10-23 21:03:48.565,2025-10-23 21:03:48.565
cd6df4ed-ad1b-4b33-bbe9-a0dd3553d188,d1401f9a-89d6-4d62-be0d-fd64a7175fff,eab6d469-fd23-4c3a-9e7c-daa613bb0516,21,f,2025-10-23 21:00:55.565,f,f,f,2025-10-23 21:00:44.565,2025-10-23 21:00:44.565
67fe4639-292e-4aaf-8f14-110c7471a725,77ae282e-9ff2-47bf-af1f-50f46a932884,4b3c693f-4518-4b83-86d7-59dabca65924,2,f,2025-10-23 21:02:01.565,f,f,f,2025-10-23 21:01:06.565,2025-10-23 21:01:06.565
804b2485-51ff-47c1-b822-ab21beacef61,6421362a-78d9-49a2-970e-ea87f8aa11e0,27b50d89-1c6b-481a-8703-19b0279492f7,5,f,2025-10-23 21:03:35.565,f,f,f,2025-10-23 21:02:49.565,2025-10-23 21:02:49.565
9befd995-cb13-4a58-bbd7-0abaf1f42be1,c0851976-3f33-4712-b55f-847f875cd4a6,b2321d59-88ba-4ead-824a-82a56d19c650,14,f,2025-10-23 21:02:22.565,f,f,f,2025-10-23 21:02:11.565,2025-10-23 21:02:11.565
968ecbcf-957d-4385-9ce6-a9c15fb8f0cf,91793262-4a37-4d2d-aa34-0690acdb5cef,0227641b-c31d-40df-b787-de183c34699a,6,f,2025-10-23 21:04:14.565,f,f,f,2025-10-23 21:03:30.565,2025-10-23 21:03:30.565
2f6b16e3-14dc-4af0-a14e-fd0e378a5380,e3edcb23-89d2-4c8b-85c7-0cfcc2e60261,4f4cec19-5a7a-4baf-9dcd-6431c4043517,5,f,2025-10-23 21:01:37.565,f,f,f,2025-10-23 21:00:57.565,2025-10-23 21:00:57.565
2f15753b-de68-40b5-a648-2b5773990987,9401de43-2bad-4461-8148-f2fa6bc117a4,5aba1f55-f1a0-4d9a-a6cb-8c4bc8dd84a8,5,f,2025-10-23 21:02:14.565,f,f,f,2025-10-23 21:01:29.565,2025-10-23 21:01:29.565
2feae9d4-218d-40a0-969b-39a932a2754e,171c7e91-0166-4b6c-87f5-097d6c51e9bd,b15e1e27-0456-434a-86bb-f9240e6e13a7,3,f,2025-10-23 21:02:27.565,f,f,f,2025-10-23 21:01:51.565,2025-10-23 21:01:51.565
b93485d8-70f4-4b8e-a0c2-e38ea28d11a0,c71102e8-6e0a-40df-968a-b038f3f10ce3,5e04fa4e-54b8-4f12-9b3b-c0cb62e098ee,22,f,2025-10-23 21:01:20.565,f,f,f,2025-10-23 21:01:04.565,2025-10-23 21:01:04.565
b39073fc-797d-4f2d-be5e-8038ab85b1e0,7b8c8b90-15c1-45a0-b451-cd7a70788c79,bff1d54b-74a8-4a8f-8f83-f74951e7be2e,5,f,2025-10-23 21:02:52.565,f,f,f,2025-10-23 21:02:14.565,2025-10-23 21:02:14.565
be812378-b413-4250-961f-6a70c779d4ca,08ea419a-6393-49a4-9b6c-f041bb48b7e4,b051ddc7-94b4-4ee8-b814-6145c8609961,2,f,2025-10-23 21:02:51.565,f,f,f,2025-10-23 21:02:23.565,2025-10-23 21:02:23.565
3cafa1e0-af4a-4740-b24c-4fc176f37542,45a5ddd1-b6c9-4441-bf0f-96e4b0fe208e,442f66a5-9a58-46d3-9863-dba18f396be6,26,f,2025-10-23 21:04:22.565,f,f,f,2025-10-23 21:03:35.565,2025-10-23 21:03:35.565
67942f58-616c-43da-b994-fc4bc7d9fba8,7b0c29b6-a858-4186-984e-04e517b01d2a,9ccf6c8f-70a2-42ed-b77c-d2c0c05ecbf1,21,f,2025-10-23 21:03:18.565,f,f,f,2025-10-23 21:02:47.565,2025-10-23 21:02:47.565
6062914c-05aa-4971-a1a8-f708ae1c7dc8,4382fbf7-aa77-41d5-ac2a-a1b4917bb1fa,3f950eec-c916-4dc6-bdcb-4088c7890a80,4,f,2025-10-23 21:02:16.565,f,f,f,2025-10-23 21:02:08.565,2025-10-23 21:02:08.565
4c0b36e8-f9eb-4c01-bf37-3f33e09ad4db,db513614-91f6-4335-b165-ad24032c99fc,66d0e0da-2c18-48e4-bcd9-7f5ba5d40253,3,f,2025-10-23 21:02:05.565,f,f,f,2025-10-23 21:01:44.565,2025-10-23 21:01:44.565
cd28d26d-0d8c-4061-a39d-52b7c46b8782,c82d318c-6840-484b-bee1-fad99dcb4c4f,a187a5d5-68f0-4208-b06c-c9a7367a6ad6,1,f,2025-10-23 21:05:21.565,f,f,f,2025-10-23 21:04:54.565,2025-10-23 21:04:54.565
13f4421d-e244-43af-b564-ed94b5b9a81b,d9e01b11-513e-4f4a-9203-63e6e0f12d6c,54e92dc6-ab00-435e-861b-db4b55317b68,9,f,2025-10-23 21:04:06.565,f,f,f,2025-10-23 21:04:04.565,2025-10-23 21:04:04.565
dd820730-a04e-4e9f-8f6a-e33832e9eb9c,6aaa9103-b655-42dc-a7f1-433c8d546011,03a60bb6-fbf1-41d8-82a7-80cddcba2e3f,11,f,2025-10-23 21:03:16.565,f,f,f,2025-10-23 21:02:50.565,2025-10-23 21:02:50.565
670f0238-9790-49d0-bc47-cb0d7e7d6db2,db513614-91f6-4335-b165-ad24032c99fc,ff4b1cc7-5f15-460c-b326-4626b790f574,17,f,2025-10-23 21:03:30.565,f,f,f,2025-10-23 21:03:30.565,2025-10-23 21:03:30.565
6c3d5e5e-0ef8-41e7-a01b-e75805f3d064,93773af6-d7dc-4ee7-866c-25220fb8151e,efd7f6ae-3b95-4ec0-bbbf-caf93b81868f,11,f,2025-10-23 21:01:53.565,f,f,f,2025-10-23 21:01:36.565,2025-10-23 21:01:36.565
e95e988e-7e40-4491-acba-a1f3b6d61b51,88f0822f-d7eb-49c7-a31d-1852effac3fe,9925952a-bd5a-4be7-83ad-0b15dbc7a91e,11,f,2025-10-23 21:04:33.565,f,f,f,2025-10-23 21:04:05.565,2025-10-23 21:04:05.565
bfd5261b-fc8f-49f8-b30e-9b8c96b3efdd,044dc676-d9fc-4705-bd69-2cc68db97c3a,430fdfe2-90a8-404a-a506-7219013723d6,16,f,2025-10-23 21:01:30.565,f,f,f,2025-10-23 21:01:18.565,2025-10-23 21:01:18.565
0852c62f-83bc-4db3-9d89-3a1a5b438602,5cd053a8-220e-4d14-bef2-7d4570fd2bbb,f113b03b-4a99-4d29-a22e-88e95f7610bb,5,f,2025-10-23 21:03:35.565,f,f,f,2025-10-23 21:03:17.565,2025-10-23 21:03:17.565
3abe87da-c0fb-4f67-a215-0866f4771f61,0f3e7885-4fc8-43c0-b606-642c86a33fb6,2f5e75cc-521e-4d26-aecc-ba7266993e03,5,f,2025-10-23 21:03:52.565,f,f,f,2025-10-23 21:03:50.565,2025-10-23 21:03:50.565
20dc6eef-b025-46b6-9797-a13841eb465d,12649a89-4a91-4776-ab27-a2a5d461e9e0,ab10eaec-9901-4cc7-bc55-06a372e7b7c6,21,f,2025-10-23 21:03:06.565,f,f,f,2025-10-23 21:02:12.565,2025-10-23 21:02:12.565
6fdbeeb1-79b3-42ac-b622-07b313be056b,da46fb50-7e7a-45d0-99b5-647ee18023f6,3ac5073b-d238-4de6-bd29-03688e1e9aff,4,f,2025-10-23 21:04:55.565,f,f,f,2025-10-23 21:04:10.565,2025-10-23 21:04:10.565
9185f787-3e73-4f0c-94e6-c6ffb8a4adc4,8abd81d0-5df0-4cca-a4da-95f7f4b6781a,c0c8039a-9cd0-4129-b08c-dbc3a3c57822,24,f,2025-10-23 21:04:18.565,f,f,f,2025-10-23 21:04:15.565,2025-10-23 21:04:15.565
5af21453-b811-4972-aa86-d53b616fc551,f0274834-2563-4b20-af0c-623a249dd226,e6fa2220-c3a9-4379-9ea0-3e5595a11adc,24,f,2025-10-23 21:04:02.565,f,f,f,2025-10-23 21:03:33.565,2025-10-23 21:03:33.565
29de08d4-2ab9-4b1e-9534-65d2d4f5b2cb,d3478960-ecea-463e-aefe-bf131ce78ed7,030f88d9-b2f1-4320-8a11-f0ddc43e13f0,5,f,2025-10-23 21:05:04.565,f,f,f,2025-10-23 21:04:48.565,2025-10-23 21:04:48.565
0e5bc169-4f65-470a-bb94-5ff5cfc1bedd,2e138fff-7296-4851-ac21-a51e6fe9b770,79e5a475-1d49-4fe0-8f16-cb25e6512736,24,f,2025-10-23 21:03:09.565,f,f,f,2025-10-23 21:02:12.565,2025-10-23 21:02:12.565
f69560e0-01a9-4bed-86fe-55bfe820c4c0,7e25a19d-d674-419e-af0f-aca915fe0c72,6acb166c-8f5a-47b1-a1e3-f6135adbf9d5,17,f,2025-10-23 21:01:10.565,f,f,f,2025-10-23 21:01:09.565,2025-10-23 21:01:09.565
bcf8db64-f7ee-4e5c-9e9f-6d8a8c5ec2b0,a5373f5a-926b-4ca5-a9c8-6c2bb66bf673,51c1c163-b281-4716-b5f8-939d84e0d010,17,f,2025-10-23 21:02:58.565,f,f,f,2025-10-23 21:02:48.565,2025-10-23 21:02:48.565
839582d9-c2a2-4f21-bf3b-fb05da39d2d4,4680ee3e-1a85-4130-a36b-42655eb6ec1a,f7b3baa6-7f61-47dc-ba99-2e1232560bbd,1,f,2025-10-23 21:00:30.565,f,f,f,2025-10-23 21:00:17.565,2025-10-23 21:00:17.565
106e3086-3044-4063-809a-28ecee85de25,65ea85a0-c407-4975-85f0-51ee9ab080eb,c0e6c194-2310-4ec0-99a3-d6cf9354ad42,5,f,2025-10-23 21:03:09.565,f,f,f,2025-10-23 21:02:56.565,2025-10-23 21:02:56.565
12bede01-0e0c-46c9-9845-80e392b8b0b9,7692b266-da39-4ba3-b409-6c685cc5122a,f606b0fd-ff7e-43bb-a413-289621f33102,25,f,2025-10-23 21:00:08.565,f,f,f,2025-10-23 21:00:06.565,2025-10-23 21:00:06.565
288f7c34-a30f-4e26-87a0-5549b0a32a3a,373b2344-0f23-4e26-9c85-650dc1450669,35ab00fe-18b3-4f2d-b943-cae51efa81dd,6,f,2025-10-23 21:03:49.565,f,f,f,2025-10-23 21:03:37.565,2025-10-23 21:03:37.565
cb9bc9f2-4095-47e8-9ddc-0089f19982d4,2587a219-1388-4bbf-b0ae-bf3108e803ef,8c92fb70-2718-4cff-93d6-169c7d121e9e,19,f,2025-10-23 21:01:49.565,f,f,f,2025-10-23 21:01:21.565,2025-10-23 21:01:21.565
ed829dbe-44e2-483e-8851-194d4164ff8f,ff5162c4-ea05-4794-ae86-0b78fce6b3f6,7946f5ca-a516-4942-936c-01798674b985,25,f,2025-10-23 21:02:18.565,f,f,f,2025-10-23 21:01:33.565,2025-10-23 21:01:33.565
b6d7537a-0e9a-42f1-be90-41b4dbfd8e0f,c7d3786a-4e28-4e52-bf0b-53c0edbf2e5a,ff6a6f46-b3bf-4267-aaed-10c329b9e4cf,26,f,2025-10-23 21:02:05.565,f,f,f,2025-10-23 21:01:38.565,2025-10-23 21:01:38.565
1c8b9969-65c0-40b2-a514-3d1cbe37db8a,d9d43caf-1412-4070-9da9-5145c4603ea8,3fd83f8e-b0b4-4ce6-86f6-579838210829,1,f,2025-10-23 21:03:38.565,f,f,f,2025-10-23 21:03:32.565,2025-10-23 21:03:32.565
0a70a0a7-e52c-48ee-95ab-9e53bcb4a15f,f26b71bc-fa8e-4061-82fe-26c927ee2a98,aed306a3-e5a0-43cd-9c3d-72f441c1034c,19,f,2025-10-23 21:03:05.565,f,f,f,2025-10-23 21:02:41.565,2025-10-23 21:02:41.565
bb8c1416-fb0c-46cb-bcd3-01d356d4d556,87e3a00a-03e4-4b40-b3b9-0a2c6c9779f3,43f3bf29-3bc1-441c-821e-1380f3ba43eb,11,f,2025-10-23 21:05:03.565,f,f,f,2025-10-23 21:04:45.565,2025-10-23 21:04:45.565
514a7d83-873a-49e3-bb1b-2faa85ab07f3,ab636988-b8e4-4538-a056-a8109dac642b,47e8bc05-dd20-4828-b7ed-ae58edd5cd67,17,f,2025-10-23 21:02:49.565,f,f,f,2025-10-23 21:01:59.565,2025-10-23 21:01:59.565
feb48ae3-53e4-4208-84f6-abef4f20b10f,aa1bad0e-6034-42e7-b112-4f7182723de5,d81dcd16-42e2-4418-812d-2f17f5526e06,15,f,2025-10-23 21:04:37.565,f,f,f,2025-10-23 21:04:02.565,2025-10-23 21:04:02.565
6ee7ea8d-4f86-4698-993c-60083d07e49f,9b2049f2-c063-4ea1-9c59-0e8dca25f3d3,085110af-8b69-4819-aa5f-d6feb8fcee64,22,f,2025-10-23 21:03:54.565,f,f,f,2025-10-23 21:03:02.565,2025-10-23 21:03:02.565
81e63547-8161-4ede-a3c6-80523a8bd625,a8908794-54cc-475c-b45e-5f071cef72f0,dcccc68e-ceb5-41b7-af4f-7529089a9f1b,12,f,2025-10-23 21:05:03.565,f,f,f,2025-10-23 21:04:53.565,2025-10-23 21:04:53.565
a24db829-5263-44cf-823a-897d7851e35d,a2adf180-04d3-454c-9fd0-e8c565170820,05955d59-c2e3-4e91-b810-49b76752e15e,19,f,2025-10-23 21:01:17.565,f,f,f,2025-10-23 21:00:44.565,2025-10-23 21:00:44.565
d35cc556-d7dd-471a-b3f7-fd40a7164d86,0b27c256-e0ce-4254-bbcc-39c11159d97a,42113fba-358d-411b-8dab-ed37969388b5,17,f,2025-10-23 21:01:59.565,f,f,f,2025-10-23 21:01:00.565,2025-10-23 21:01:00.565
8083d841-ee74-47df-a568-55e4d197acc1,637ceccd-a9b3-4260-b2dd-3e003bb48948,fcc8ecbb-dc52-46ee-aaf7-70693fb3da49,6,f,2025-10-23 21:04:24.565,f,f,f,2025-10-23 21:03:38.565,2025-10-23 21:03:38.565
a3c5a038-5404-4233-a1aa-982373a3a4e5,e0c0a292-69b7-4b39-9ad2-0dfd1f336ac3,88845536-2e3a-4221-8127-3150d936221e,14,f,2025-10-23 21:01:43.565,f,f,f,2025-10-23 21:01:28.565,2025-10-23 21:01:28.565
d802619c-e442-4dd4-9364-5d7aaf994a0c,6fc80e93-0509-430f-ba60-485ee67cab58,d1a4a1e5-7469-4f56-80fb-25d3a602159f,26,f,2025-10-23 21:00:07.566,f,f,f,2025-10-23 21:00:00.566,2025-10-23 21:00:00.566
b8ada6c5-d6d3-45d0-b9c5-1097547990b7,e68d1ab4-7a92-42b3-8e3a-1e76db7bb501,f886c747-6845-496f-ad4f-41e80e56ccd1,15,f,2025-10-23 21:03:55.566,f,f,f,2025-10-23 21:02:57.566,2025-10-23 21:02:57.566
72cfc209-7b19-46d5-9158-0fbb248caabe,d1401f9a-89d6-4d62-be0d-fd64a7175fff,5e2f8e5e-7456-4260-b0f2-b4c167f379ff,10,f,2025-10-23 21:04:14.566,f,f,f,2025-10-23 21:03:50.566,2025-10-23 21:03:50.566
ba83b77f-e38b-4e31-a723-d817b6882f3f,d098cd61-6f7e-45cb-8ae1-df724838c438,6d6ab566-7f19-409f-91b0-2aceab3c3750,5,f,2025-10-23 21:04:45.566,f,f,f,2025-10-23 21:04:21.566,2025-10-23 21:04:21.566
bcd9e526-0dee-49e9-9d64-e11e9f27ec12,98cef718-594c-4fc8-8caa-695014a89802,c089db49-632b-4925-babf-51b304b27910,23,f,2025-10-23 21:01:49.566,f,f,f,2025-10-23 21:01:45.566,2025-10-23 21:01:45.566
a3ce3bc4-cdc0-4cb1-b7a6-64c3bc0320d8,effad44d-1774-4fbc-a0e1-d8ccc785fd15,b7d31043-0785-4d13-850f-b045a6560f46,21,f,2025-10-23 21:01:22.566,f,f,f,2025-10-23 21:00:58.566,2025-10-23 21:00:58.566
71fa320b-83e2-4b1d-9572-0d69755f9458,31e06be9-9d7b-4546-9e9b-65ced02694fa,fc5c0613-a665-4ece-9304-c5f89e8c43fd,2,f,2025-10-23 21:01:16.566,f,f,f,2025-10-23 21:01:11.566,2025-10-23 21:01:11.566
0c0c5f46-4b19-4524-a54d-251125f72ff0,0c95b2ce-0cba-4161-b65e-4547f7c94f0a,50f1fe01-b29e-4518-bd6f-05ace475864d,23,f,2025-10-23 21:02:37.566,f,f,f,2025-10-23 21:01:37.566,2025-10-23 21:01:37.566
02a7a9b6-afa4-4c0a-937f-68aa59d578f9,9e6c3722-63cc-4d0f-9f75-453a939feb31,4b08a3e2-99c8-44d3-9c03-fb92ee4ba66c,17,f,2025-10-23 21:02:09.566,f,f,f,2025-10-23 21:01:37.566,2025-10-23 21:01:37.566
a779e37e-7e64-4739-bb66-e7867eefbd91,0b27c256-e0ce-4254-bbcc-39c11159d97a,bde83464-175e-424d-b646-650ff08364fe,14,f,2025-10-23 21:02:30.566,f,f,f,2025-10-23 21:01:35.566,2025-10-23 21:01:35.566
557b8cd3-d0f7-44b2-87a8-a2a4b0a317fa,0849c333-8621-4c03-8efe-5ca3b0876daa,4f80cc2b-09eb-4849-929b-3d0c96f09364,18,f,2025-10-23 21:05:26.566,f,f,f,2025-10-23 21:04:51.566,2025-10-23 21:04:51.566
af76febd-3d6c-458e-907f-68fa580f56c8,81836520-d072-4b5d-abfa-8b15f9a6be09,0d8f7735-420d-4b21-ab3c-8df2e480901c,19,f,2025-10-23 21:05:05.566,f,f,f,2025-10-23 21:04:22.566,2025-10-23 21:04:22.566
b7138b0a-bbb9-4ec6-8f13-12b8171f4a76,ed40a959-b100-4572-952d-e790cb4dceb9,ebd1d0ab-58e4-4c52-8431-e3549ec1a7d0,5,f,2025-10-23 21:02:46.566,f,f,f,2025-10-23 21:01:49.566,2025-10-23 21:01:49.566
e84f8ff1-7716-4e24-a7e8-4d665c6e66f5,b3a747bf-5715-4baf-bcff-07a1310a1df6,4a146770-d18c-4fe5-ad05-57b7aee7ee55,3,f,2025-10-23 21:04:53.566,f,f,f,2025-10-23 21:04:47.566,2025-10-23 21:04:47.566
839d74b4-c598-421e-b0e1-b3db546c164c,6c2049c5-199d-4345-b9b0-f81f4fa4e3ba,53b051d4-c298-4efd-8b11-fccd28f3551e,10,f,2025-10-23 21:03:38.566,f,f,f,2025-10-23 21:03:08.566,2025-10-23 21:03:08.566
040fcf47-e7d2-4600-ab5a-a8478455feee,60171d22-a1d1-4f22-892a-f3ed671255f2,6e386dc3-14d1-4b96-8003-fedaeddae485,11,f,2025-10-23 21:01:14.566,f,f,f,2025-10-23 21:00:57.566,2025-10-23 21:00:57.566
69999a0d-780b-4cf8-9034-d4ce381b919c,effad44d-1774-4fbc-a0e1-d8ccc785fd15,6bd4f6f5-5740-4c3c-9f63-2c7ba60d64a8,1,f,2025-10-23 21:04:11.566,f,f,f,2025-10-23 21:04:00.566,2025-10-23 21:04:00.566
09538ceb-262e-4da8-ba1e-94debd3d2b63,c615be7a-2d1a-4881-be91-07f2381febbe,f2f19614-5a5e-4fd2-9114-4aa067dc8c8c,26,f,2025-10-23 21:02:43.566,f,f,f,2025-10-23 21:01:58.566,2025-10-23 21:01:58.566
825f9c39-5d28-49d8-a8c7-578c0420aa99,2f569f10-bd66-4606-8559-7f6ae43c1d70,f35ebdcb-5235-420d-b24c-39020f24adeb,22,f,2025-10-23 21:05:02.566,f,f,f,2025-10-23 21:04:31.566,2025-10-23 21:04:31.566
5dda2781-d282-4570-9f9f-7c05c7889c3f,5d4dbe4d-b21d-4214-8566-8524e22d6c0c,b993bf2e-3a9a-40b4-b457-6dcefa1a2b76,10,f,2025-10-23 21:05:12.566,f,f,f,2025-10-23 21:04:15.566,2025-10-23 21:04:15.566
84245b8e-4449-4f46-9115-f3c6d89f2f11,a5373f5a-926b-4ca5-a9c8-6c2bb66bf673,7d431812-d7db-4944-9326-f0d836a8d8e2,12,f,2025-10-23 21:04:47.566,f,f,f,2025-10-23 21:04:20.566,2025-10-23 21:04:20.566
f0e86174-4e29-4b0f-a403-8309013e87b4,efe07a4d-f6ef-469f-92ac-f996d344fe6e,a6419225-16e4-4767-bf25-43af88e78c02,26,f,2025-10-23 21:05:24.566,f,f,f,2025-10-23 21:04:43.566,2025-10-23 21:04:43.566
2db199df-e2af-469a-8abf-c88c51857732,9bc6a96c-b405-4aea-8a01-5bf3a10e9964,108a2724-e994-478d-b43d-6a6458943f12,7,f,2025-10-23 21:02:53.566,f,f,f,2025-10-23 21:02:45.566,2025-10-23 21:02:45.566
61d9a139-824f-4441-86f0-19c101fbcc5f,9445e842-c70f-432c-817e-370f8f19e272,42b8ba8b-6e90-4716-83fc-6fa434dc71b5,15,f,2025-10-23 21:02:35.566,f,f,f,2025-10-23 21:02:32.566,2025-10-23 21:02:32.566
3a0bee80-dd6d-4877-80e3-61f24ca8cb1a,0d0de822-ce76-4a14-a061-70c023f2ae29,c7b6606a-27a5-4c32-8fee-5e25a9737341,18,f,2025-10-23 21:05:28.566,f,f,f,2025-10-23 21:04:55.566,2025-10-23 21:04:55.566
9f3d1e9b-532f-4275-8f74-f3659ae3993b,8abd81d0-5df0-4cca-a4da-95f7f4b6781a,7c8d9b0a-3de2-4e02-be1e-fbb3792e19e8,4,f,2025-10-23 21:04:24.566,f,f,f,2025-10-23 21:04:03.566,2025-10-23 21:04:03.566
8fb31d94-6765-4df9-82c3-7dc8904cff85,b95ff4cb-d6ca-49cb-93f1-a534220346d4,89f31356-fefd-41e6-a1a3-27dc5ec3004d,22,f,2025-10-23 21:04:37.566,f,f,f,2025-10-23 21:04:30.566,2025-10-23 21:04:30.566
bd97c8f0-e5a0-47d5-b93b-9a23eb7d6e6c,3c64a31d-8fb1-4cd6-b47a-2054e588406c,6c10446b-f0ac-4baa-81da-9e2a859266cd,1,f,2025-10-23 21:00:50.566,f,f,f,2025-10-23 21:00:40.566,2025-10-23 21:00:40.566
74d813ca-53b8-482e-92d4-5f080c7aa467,e0c0a292-69b7-4b39-9ad2-0dfd1f336ac3,0e0dcf1d-9e85-426b-b323-46e3f7a74c2d,12,f,2025-10-23 21:05:29.566,f,f,f,2025-10-23 21:04:45.566,2025-10-23 21:04:45.566
a1d71058-9d6d-4af0-b442-7bb567fc63cf,60171d22-a1d1-4f22-892a-f3ed671255f2,89658096-6bd0-4526-93f6-24f81b95d4ae,12,f,2025-10-23 21:00:34.566,f,f,f,2025-10-23 20:59:58.566,2025-10-23 20:59:58.566
636fa068-6c80-4ada-95ed-ccc94ef39fd4,da398931-7338-490b-9c54-503bb760c0ec,bfc46e30-4bfd-410b-8519-2740caa5b8ca,22,f,2025-10-23 21:05:15.566,f,f,f,2025-10-23 21:04:49.566,2025-10-23 21:04:49.566
56d6d138-fbec-4c01-b854-d6e6bd71cfcd,4a0b38ef-a7a1-49cb-ac18-2c722d003a12,35118eeb-588a-4c9d-9643-bb4b550697f5,24,f,2025-10-23 21:03:59.566,f,f,f,2025-10-23 21:03:39.566,2025-10-23 21:03:39.566
64ffb0c1-fc31-49fe-8b65-d57fb56c4822,4a0b38ef-a7a1-49cb-ac18-2c722d003a12,9570b485-51bd-4d4e-9213-2e61ec1254c4,16,f,2025-10-23 21:04:07.566,f,f,f,2025-10-23 21:03:22.566,2025-10-23 21:03:22.566
4d723aec-be46-4e85-98eb-f26cee09bfac,d1ca12c7-7dcb-463a-b55a-b15840ca6ea1,5514b6b9-5501-4e3a-8b18-91a470154d33,21,f,2025-10-23 21:02:47.566,f,f,f,2025-10-23 21:01:52.566,2025-10-23 21:01:52.566
41a33f72-3dcf-4e48-b97a-0861f774cdf2,18489a1c-1119-4fa4-928e-2992b69bf7cc,65575e0e-6bb3-4c8f-ae8f-1ccd3ec3368b,2,f,2025-10-23 21:05:26.566,f,f,f,2025-10-23 21:04:35.566,2025-10-23 21:04:35.566
a00f47b7-a343-4d4b-88ea-bcceb1c69d20,3fc7fe2d-81d4-4d7c-a781-95117c0fde41,23ae74ec-268f-47b5-8e04-6c89e86edd99,15,f,2025-10-23 21:05:20.566,f,f,f,2025-10-23 21:04:48.566,2025-10-23 21:04:48.566
5b8fc5af-7e20-4186-98cd-d4d234d63765,18d98645-525d-4613-b8a2-d97d54e807ca,88e0880e-c088-4fe2-91c3-bf459c5012c7,2,f,2025-10-23 21:03:06.566,f,f,f,2025-10-23 21:02:52.566,2025-10-23 21:02:52.566
96dbf06b-7cea-4b39-87f6-16d977e905ef,78b497f2-e112-4d75-80a1-1eff2a0e49c2,05e747bc-47b5-42e5-ac94-97a57c72a055,26,f,2025-10-23 21:05:14.566,f,f,f,2025-10-23 21:04:46.566,2025-10-23 21:04:46.566
762aefa3-bb7f-4d2e-bb61-2ddb7bb64e5a,94e57c49-d172-4bf4-bc57-00c7aaa4ee45,c28fb978-407c-4380-b3b8-b1d062f722ed,2,f,2025-10-23 21:04:39.566,f,f,f,2025-10-23 21:04:12.566,2025-10-23 21:04:12.566
4cbf7b34-94d3-476e-a4fc-87a15950f03d,26457103-f0b2-4ba2-ade0-c8206ffdedd3,a1e45a8d-e38a-4475-93ec-90df34e622d5,22,f,2025-10-23 21:04:27.566,f,f,f,2025-10-23 21:03:44.566,2025-10-23 21:03:44.566
7be9a9a3-01af-4b89-9e89-d62f203674bf,ed3dd7e4-2dd8-486d-806a-9835fc25fa4f,9ac1bbf3-8242-4f0f-a3ad-a04b5bf5241b,19,f,2025-10-23 21:03:18.566,f,f,f,2025-10-23 21:02:48.566,2025-10-23 21:02:48.566
956d800d-bb35-4d84-aaa4-9c04bd227edb,73163e77-e05b-4745-a666-800f85d3dda0,e249d2fd-ac64-4489-8a8c-18739eb9393d,24,f,2025-10-23 21:03:31.566,f,f,f,2025-10-23 21:03:19.566,2025-10-23 21:03:19.566
1316c30f-a733-415b-8b55-41dd143bc0a8,291e0687-2802-48cd-ad9d-0f2ff149b8c8,0f2efa48-2a7f-4d63-b867-aef28b448a7a,5,f,2025-10-23 21:04:14.566,f,f,f,2025-10-23 21:03:29.566,2025-10-23 21:03:29.566
de4dd2ae-9592-481e-9aec-49840dd14785,7025d779-3356-42b5-87fe-1c1c50e4acf4,ab4602fe-82bb-4eb4-8c7a-b119a7e02948,11,f,2025-10-23 21:04:35.566,f,f,f,2025-10-23 21:04:03.566,2025-10-23 21:04:03.566
66294ac0-9bfa-4327-9cee-3c10a980c509,865322cc-e8fa-4241-90bf-e7469f9ba4c1,68b91452-17b6-46cf-8699-ca1d864c5f8c,1,f,2025-10-23 21:04:17.566,f,f,f,2025-10-23 21:03:42.566,2025-10-23 21:03:42.566
97230816-b5f5-40dd-afc8-cc84642e8ff5,84aa84e2-a6d2-4ec2-9073-ba87c9aaafea,23a98791-6070-4333-be01-da3074944c53,14,f,2025-10-23 21:04:50.566,f,f,f,2025-10-23 21:04:07.566,2025-10-23 21:04:07.566
a5451938-e401-47b9-b084-afe7465f8abf,18489a1c-1119-4fa4-928e-2992b69bf7cc,1a3680da-f4e4-4af9-8810-4852e21bde15,12,f,2025-10-23 21:00:56.566,f,f,f,2025-10-23 21:00:18.566,2025-10-23 21:00:18.566
b220d252-9c49-418d-84f1-ed0ec983c21d,03fbad6c-14ba-49f9-b5bb-008bc88ecb96,822b6780-3755-43a9-9a49-89379a8f71e4,16,f,2025-10-23 21:00:14.566,f,f,f,2025-10-23 21:00:13.566,2025-10-23 21:00:13.566
f5fd209b-8d9d-46fb-8a23-f2e006885e50,f6c0ce62-bcc9-4ade-99f1-114f66605696,ca30d96f-9e85-4831-876d-dd8c4e950376,9,f,2025-10-23 21:02:00.566,f,f,f,2025-10-23 21:01:19.566,2025-10-23 21:01:19.566
0010b275-4270-4850-8176-ae7618804ff0,432f1529-610f-4c32-ad89-47d84b2659b0,54c8e012-3762-41fa-a4e1-b8cb3c0bbdf6,1,f,2025-10-23 21:03:04.566,f,f,f,2025-10-23 21:02:17.566,2025-10-23 21:02:17.566
0ee2d429-0875-424f-9d80-b4d350248c80,922b0e7b-25a0-41a8-be52-97ae72c7af0f,05cf3c39-fef3-49d2-8a8b-720b7db09d9d,18,f,2025-10-23 21:02:25.566,f,f,f,2025-10-23 21:02:23.566,2025-10-23 21:02:23.566
b09d5bc8-22c1-48a7-9184-ce722ed01373,4e5d312a-68f1-4ca2-9d35-f07f947cd564,4083efc4-caec-4c6f-8334-19052c8e9a06,1,f,2025-10-23 21:00:52.566,f,f,f,2025-10-23 21:00:22.566,2025-10-23 21:00:22.566
cb1a03b7-30c0-4157-8452-3f1c38f24266,db4a7fc9-1abb-4ed6-b013-77967dc30d3b,e33627b6-9895-476f-bee6-9b78a35d3480,16,f,2025-10-23 21:05:25.566,f,f,f,2025-10-23 21:04:49.566,2025-10-23 21:04:49.566
d8c13782-ef75-4daf-b8e7-af3f4b41b77f,d098cd61-6f7e-45cb-8ae1-df724838c438,ceec5fd4-49c9-40fc-8c6c-ab0143c9b0a1,20,f,2025-10-23 21:00:17.566,f,f,f,2025-10-23 21:00:17.566,2025-10-23 21:00:17.566
917f73e3-035f-46a7-b98f-1002e80f1573,875d00d5-1a06-4d3a-8888-911672878a02,cce30cf1-b954-47bc-95df-1a625f6743c7,25,f,2025-10-23 21:00:35.566,f,f,f,2025-10-23 21:00:00.566,2025-10-23 21:00:00.566
d7bdcf26-498f-4d8d-89ae-a7d236268a38,d9b0d49c-e4f8-4ba6-9d57-525faa9c6e4f,ac238b79-e8f3-4fe9-8240-805d62989441,19,f,2025-10-23 21:02:55.566,f,f,f,2025-10-23 21:02:43.566,2025-10-23 21:02:43.566
31329b59-28b6-4b40-bdbb-cd88a85c75cc,5f3f077f-05e8-40b8-b1f4-abf5d05ee09e,3201d9eb-3d50-415e-8b83-fd0f0aa98767,21,f,2025-10-23 21:04:02.566,f,f,f,2025-10-23 21:03:41.566,2025-10-23 21:03:41.566
b0c15f67-56f3-4bc5-9445-c77787395484,dda2cb2c-36b1-43e1-b81d-715393f0fe2e,dc195e9a-df33-4d14-bcbf-e046722d1b10,7,f,2025-10-23 21:04:22.566,f,f,f,2025-10-23 21:04:17.566,2025-10-23 21:04:17.566
e3c725ab-c20f-4a9d-ad6e-6a4202a2c69b,a75bf70a-bdb3-457c-ab7a-df1e9a5d8f48,fc9c599b-df66-40fb-8518-2d1df3f26dc6,15,f,2025-10-23 21:04:35.566,f,f,f,2025-10-23 21:03:41.566,2025-10-23 21:03:41.566
