id,verified,email_verified,phone_verified,email,first_name,last_name,referral_code,deactivated,test_user,banned,deleted,created_at,updated_at
f49e230a-236b-47af-870b-70b488a68af3,t,t,f,aubrey.harris40800@student.example.com,Aubrey,Harris,STU199806,f,f,f,f,2025-02-22 20:50:52.586,2025-02-22 20:50:52.586
0f31e52e-15ad-4ef7-8a97-2bb6f7f64389,t,t,f,scarlett.walker38023@student.example.com,Scarlett,Walker,STU736362,f,f,f,f,2024-10-31 20:50:52.586,2024-10-31 20:50:52.586
7b95f4a3-5866-45c3-9b92-51f1c78905a9,t,t,f,liam.king97271@student.example.com,Liam,King,STU625277,f,f,f,f,2025-06-07 20:50:52.586,2025-06-07 20:50:52.586
2ed78b2d-218f-4145-9df1-3d488cf01333,t,t,f,noah.diaz30462@student.example.com,Noah,Diaz,STU450598,f,f,f,f,2025-09-18 20:50:52.586,2025-09-18 20:50:52.586
3409dd17-affa-4de3-9e81-261d5dd96163,t,t,f,henry.richardson51156@student.example.com,Henry,Richardson,STU923275,f,f,f,f,2025-05-13 20:50:52.586,2025-05-13 20:50:52.586
c52d45d4-ee5c-4c0f-ad8d-cd290754ce75,t,t,f,jayden.lewis60922@student.example.com,Jayden,Lewis,STU514182,f,f,f,f,2024-12-01 20:50:52.586,2024-12-01 20:50:52.586
1693a99e-1bc2-416c-a85a-250249503203,t,t,f,zoe.lee84975@student.example.com,Zoe,Lee,STU786656,f,f,f,f,2025-06-22 20:50:52.586,2025-06-22 20:50:52.586
e7a6a388-1b0b-45a9-889a-acb4201a2709,t,t,f,william.hernandez8034@student.example.com,William,Hernandez,STU658712,f,f,f,f,2025-05-29 20:50:52.586,2025-05-29 20:50:52.586
1117e815-5d80-448d-9b78-cbe3b2333347,t,t,f,nora.cox50116@student.example.com,Nora,Cox,STU713587,f,f,f,f,2025-09-06 20:50:52.586,2025-09-06 20:50:52.586
2b0c65d0-fb69-4946-9458-983d7d044eea,t,t,f,evelyn.martinez26521@student.example.com,Evelyn,Martinez,STU156287,f,f,f,f,2025-03-27 20:50:52.586,2025-03-27 20:50:52.586
fa3cf6cc-a5c1-4b46-ba5f-e78b2fdfab3f,t,t,f,ellie.edwards70565@student.example.com,Ellie,Edwards,STU154308,f,f,f,f,2025-08-11 20:50:52.586,2025-08-11 20:50:52.586
042b3999-b2a3-4b06-852e-6f30e85d50bd,t,t,f,victoria.lewis50055@student.example.com,Victoria,Lewis,STU814796,f,f,f,f,2025-06-21 20:50:52.586,2025-06-21 20:50:52.586
e3818d12-deb9-4cb3-8b7f-c91375d563e7,t,t,f,mia.lopez27705@student.example.com,Mia,Lopez,STU390083,f,f,f,f,2025-04-20 20:50:52.586,2025-04-20 20:50:52.586
75e33878-830b-4adc-ad24-1a6f0af4da60,t,t,f,wyatt.cook93289@student.example.com,Wyatt,Cook,STU692579,f,f,f,f,2025-02-21 20:50:52.586,2025-02-21 20:50:52.586
18d98645-525d-4613-b8a2-d97d54e807ca,t,t,f,grayson.rivera67064@student.example.com,Grayson,Rivera,STU114457,f,f,f,f,2024-12-30 20:50:52.586,2024-12-30 20:50:52.586
847d8a28-cf14-4d9f-bbcc-11ebc2cfa3ad,t,t,f,natalie.allen45233@student.example.com,Natalie,Allen,STU992335,f,f,f,f,2025-02-11 20:50:52.586,2025-02-11 20:50:52.586
4680ee3e-1a85-4130-a36b-42655eb6ec1a,t,t,f,sofia.peterson75809@student.example.com,Sofia,Peterson,STU215532,f,f,f,f,2025-03-15 20:50:52.586,2025-03-15 20:50:52.586
2a80412c-b145-42cb-af1f-5b9d1c611e9c,t,t,f,logan.cruz54863@student.example.com,Logan,Cruz,STU394396,f,f,f,f,2025-02-06 20:50:52.586,2025-02-06 20:50:52.586
05cead36-4894-4099-a85c-9eeb7e6ab8e0,t,t,f,mason.gutierrez8560@student.example.com,Mason,Gutierrez,STU291059,f,f,f,f,2024-11-22 20:50:52.586,2024-11-22 20:50:52.586
31186fc1-94e7-48ec-bfeb-dc5f919f763f,t,t,f,victoria.morales15134@student.example.com,Victoria,Morales,STU867054,f,f,f,f,2024-11-25 20:50:52.586,2024-11-25 20:50:52.586
d1ca12c7-7dcb-463a-b55a-b15840ca6ea1,t,t,f,james.ramirez17695@student.example.com,James,Ramirez,STU257181,f,f,f,f,2024-11-08 20:50:52.586,2024-11-08 20:50:52.586
0b422b39-0d2f-4d44-b459-4e363ce76500,t,t,f,luna.green8241@student.example.com,Luna,Green,STU406288,f,f,f,f,2025-05-01 20:50:52.587,2025-05-01 20:50:52.587
dda2cb2c-36b1-43e1-b81d-715393f0fe2e,t,t,f,elijah.murphy95768@student.example.com,Elijah,Murphy,STU983253,f,f,f,f,2024-11-22 20:50:52.587,2024-11-22 20:50:52.587
d83b3214-6812-4556-b219-7381db540c35,t,t,f,benjamin.davis73054@student.example.com,Benjamin,Davis,STU285120,f,f,f,f,2025-04-05 20:50:52.587,2025-04-05 20:50:52.587
920a95cd-5fe3-4a14-84fa-0e93a6b772d3,t,t,f,wyatt.allen17842@student.example.com,Wyatt,Allen,STU676223,f,f,f,f,2025-03-28 20:50:52.587,2025-03-28 20:50:52.587
43bbfc89-1640-41dd-a332-fb68a7bf9d19,t,t,f,levi.carter14528@student.example.com,Levi,Carter,STU150054,f,f,f,f,2024-11-30 20:50:52.587,2024-11-30 20:50:52.587
db513614-91f6-4335-b165-ad24032c99fc,t,t,f,aiden.miller76628@student.example.com,Aiden,Miller,STU127965,f,f,f,f,2025-05-25 20:50:52.587,2025-05-25 20:50:52.587
28fdb114-e2f8-49ce-bef2-767891b114ae,t,t,f,charlotte.parker36502@student.example.com,Charlotte,Parker,STU153963,f,f,f,f,2024-12-20 20:50:52.587,2024-12-20 20:50:52.587
66056d50-7f37-4e2f-8a2a-53a0259743a5,t,t,f,harper.nguyen62397@student.example.com,Harper,Nguyen,STU805054,f,f,f,f,2025-01-09 20:50:52.587,2025-01-09 20:50:52.587
2eba1789-8d15-48e4-a598-5a78f807c451,t,t,f,grayson.reyes88975@student.example.com,Grayson,Reyes,STU638652,f,f,f,f,2025-01-02 20:50:52.587,2025-01-02 20:50:52.587
829525e3-6de8-42ff-b69e-80410412322a,t,t,f,madison.evans5421@student.example.com,Madison,Evans,STU698680,f,f,f,f,2025-03-22 20:50:52.587,2025-03-22 20:50:52.587
519f4163-8d1f-46a1-828d-22bbc754a0cd,t,t,f,james.peterson96482@student.example.com,James,Peterson,STU216257,f,f,f,f,2025-09-06 20:50:52.587,2025-09-06 20:50:52.587
c6001684-176a-4a36-8dfe-7612e6a651c5,t,t,f,elijah.collins96803@student.example.com,Elijah,Collins,STU103053,f,f,f,f,2025-07-27 20:50:52.587,2025-07-27 20:50:52.587
7977b851-0363-4e99-96a0-ee452eb7c87c,t,t,f,nathan.garcia77059@student.example.com,Nathan,Garcia,STU101251,f,f,f,f,2025-01-12 20:50:52.587,2025-01-12 20:50:52.587
81836520-d072-4b5d-abfa-8b15f9a6be09,t,t,f,sofia.reed805@student.example.com,Sofia,Reed,STU425280,f,f,f,f,2025-01-15 20:50:52.587,2025-01-15 20:50:52.587
a6b16168-72e6-4ce8-a73b-87d8a2cf33e5,t,t,f,luna.williams72112@student.example.com,Luna,Williams,STU841266,f,f,f,f,2025-05-07 20:50:52.587,2025-05-07 20:50:52.587
b67ad0c7-b114-4eef-85bd-38a105c45959,t,t,f,mila.clark41483@student.example.com,Mila,Clark,STU158843,f,f,f,f,2025-01-14 20:50:52.587,2025-01-14 20:50:52.587
fe4ed983-8dc0-4deb-896a-72f33aa9eed6,t,t,f,mila.thompson45420@student.example.com,Mila,Thompson,STU954691,f,f,f,f,2025-08-05 20:50:52.587,2025-08-05 20:50:52.587
a2adf180-04d3-454c-9fd0-e8c565170820,t,t,f,mateo.mitchell29590@student.example.com,Mateo,Mitchell,STU408711,f,f,f,f,2025-09-01 20:50:52.587,2025-09-01 20:50:52.587
55f882b5-9ed3-43ca-98ec-2ee798e7243d,t,t,f,ellie.perez41464@student.example.com,Ellie,Perez,STU339720,f,f,f,f,2025-05-02 20:50:52.587,2025-05-02 20:50:52.587
cf6fdca7-7930-40bd-a831-a6b8367471e3,t,t,f,eleanor.reed63571@student.example.com,Eleanor,Reed,STU603128,f,f,f,f,2024-12-08 20:50:52.587,2024-12-08 20:50:52.587
1bd0fc9b-2b0b-43e9-93bd-905208616402,t,t,f,natalie.collins68702@student.example.com,Natalie,Collins,STU738433,f,f,f,f,2024-10-25 20:50:52.587,2024-10-25 20:50:52.587
d89fa798-0dc8-42f5-bb1d-3e7ed66fb4b4,t,t,f,addison.parker68327@student.example.com,Addison,Parker,STU512619,f,f,f,f,2025-02-13 20:50:52.587,2025-02-13 20:50:52.587
8355877f-e9ee-4ed3-8246-43850506b612,t,t,f,elijah.clark19209@student.example.com,Elijah,Clark,STU757983,f,f,f,f,2025-04-02 20:50:52.587,2025-04-02 20:50:52.587
5070c2f8-54c6-4a32-9ef0-829867994905,t,t,f,mateo.williams40828@student.example.com,Mateo,Williams,STU500166,f,f,f,f,2025-03-21 20:50:52.587,2025-03-21 20:50:52.587
d6c29e4c-b5ac-43dd-877a-2e302627e7d3,t,t,f,maverick.roberts66617@student.example.com,Maverick,Roberts,STU170161,f,f,f,f,2025-08-08 20:50:52.587,2025-08-08 20:50:52.587
c0851976-3f33-4712-b55f-847f875cd4a6,t,t,f,nora.ortiz7018@student.example.com,Nora,Ortiz,STU183950,f,f,f,f,2025-07-01 20:50:52.587,2025-07-01 20:50:52.587
adca1baa-6f7e-4df3-abb8-e439b384c8a9,t,t,f,ella.carter79260@student.example.com,Ella,Carter,STU490429,f,f,f,f,2025-05-04 20:50:52.587,2025-05-04 20:50:52.587
84d06298-e6a1-4b1a-b5fd-35b5a720bd0b,t,t,f,sofia.evans19868@student.example.com,Sofia,Evans,STU956094,f,f,f,f,2025-05-29 20:50:52.587,2025-05-29 20:50:52.587
e5c92c75-c0d7-4162-a457-feab03dd1048,t,t,f,owen.robinson46459@student.example.com,Owen,Robinson,STU196290,f,f,f,f,2024-12-25 20:50:52.587,2024-12-25 20:50:52.587
73163e77-e05b-4745-a666-800f85d3dda0,t,t,f,luna.cruz25348@student.example.com,Luna,Cruz,STU391612,f,f,f,f,2025-07-12 20:50:52.587,2025-07-12 20:50:52.587
0424c4f0-14d4-459c-ad18-eb139f4c45c6,t,t,f,asher.cox59963@student.example.com,Asher,Cox,STU214011,f,f,f,f,2025-08-11 20:50:52.587,2025-08-11 20:50:52.587
e8bf536c-4e22-468f-8d96-810e8ca26736,t,t,f,ellie.murphy79468@student.example.com,Ellie,Murphy,STU726243,f,f,f,f,2025-01-30 20:50:52.587,2025-01-30 20:50:52.587
dd55ea3a-f05a-4022-b6be-2dfef7f40abf,t,t,f,avery.cruz51956@student.example.com,Avery,Cruz,STU112813,f,f,f,f,2025-07-10 20:50:52.587,2025-07-10 20:50:52.587
efa64507-f971-4373-9977-24e4467af206,t,t,f,zoey.morales13680@student.example.com,Zoey,Morales,STU368632,f,f,f,f,2025-09-16 20:50:52.587,2025-09-16 20:50:52.587
a4117d15-f303-4cf2-b54f-09d486577362,t,t,f,avery.baker89331@student.example.com,Avery,Baker,STU150844,f,f,f,f,2025-03-18 20:50:52.587,2025-03-18 20:50:52.587
db4a7fc9-1abb-4ed6-b013-77967dc30d3b,t,t,f,avery.adams42452@student.example.com,Avery,Adams,STU772143,f,f,f,f,2025-06-04 20:50:52.587,2025-06-04 20:50:52.587
7025d779-3356-42b5-87fe-1c1c50e4acf4,t,t,f,henry.king91391@student.example.com,Henry,King,STU423689,f,f,f,f,2025-02-24 20:50:52.587,2025-02-24 20:50:52.587
bc51e0a4-7c38-4ce2-82b1-19dc567eb344,t,t,f,henry.white89644@student.example.com,Henry,White,STU316804,f,f,f,f,2024-12-09 20:50:52.587,2024-12-09 20:50:52.587
b21b2534-341a-4a71-bd11-6f2fc7b491a5,t,t,f,abigail.collins41321@student.example.com,Abigail,Collins,STU596984,f,f,f,f,2025-05-22 20:50:52.587,2025-05-22 20:50:52.587
6c3904a8-6fcd-49f0-b9db-6f3cc5cb68ae,t,t,f,julian.baker39025@student.example.com,Julian,Baker,STU557603,f,f,f,f,2025-01-16 20:50:52.587,2025-01-16 20:50:52.587
4491a9c7-4e45-42f2-b355-a471c00c518e,t,t,f,aubrey.perez42815@student.example.com,Aubrey,Perez,STU696277,f,f,f,f,2025-06-15 20:50:52.587,2025-06-15 20:50:52.587
4ec48126-81bf-445f-82b6-cb35cf06a32c,t,t,f,zoe.lopez98968@student.example.com,Zoe,Lopez,STU163494,f,f,f,f,2025-09-13 20:50:52.587,2025-09-13 20:50:52.587
ee3c3a2f-5440-4359-b011-aa53d24a54ec,t,t,f,elijah.bailey9022@student.example.com,Elijah,Bailey,STU944827,f,f,f,f,2025-07-30 20:50:52.587,2025-07-30 20:50:52.587
24ffbfe4-6d4c-4a41-8d08-860a56685e04,t,t,f,abigail.rodriguez2957@student.example.com,Abigail,Rodriguez,STU496306,f,f,f,f,2025-06-20 20:50:52.587,2025-06-20 20:50:52.587
6753e2fe-41ae-4264-9998-c416b67f4219,t,t,f,evelyn.nelson74993@student.example.com,Evelyn,Nelson,STU529253,f,f,f,f,2025-04-26 20:50:52.587,2025-04-26 20:50:52.587
d098cd61-6f7e-45cb-8ae1-df724838c438,t,t,f,jackson.edwards50471@student.example.com,Jackson,Edwards,STU238903,f,f,f,f,2024-12-11 20:50:52.587,2024-12-11 20:50:52.587
216a7dbb-5e8b-48da-894e-681ae10fc527,t,t,f,jackson.lee54217@student.example.com,Jackson,Lee,STU376566,f,f,f,f,2025-07-09 20:50:52.587,2025-07-09 20:50:52.587
eff2e9c8-9ce2-42f4-bbdf-85f0da384a7d,t,t,f,nora.torres33241@student.example.com,Nora,Torres,STU161802,f,f,f,f,2025-05-29 20:50:52.587,2025-05-29 20:50:52.587
203df625-e056-4758-b639-6fa11d2e8fa6,t,t,f,penelope.hernandez3644@student.example.com,Penelope,Hernandez,STU494424,f,f,f,f,2025-02-27 20:50:52.587,2025-02-27 20:50:52.587
78bfb11a-87a1-4769-b61f-17b30bab3961,t,t,f,isaac.baker55109@student.example.com,Isaac,Baker,STU765790,f,f,f,f,2024-11-01 20:50:52.587,2024-11-01 20:50:52.587
d9b0d49c-e4f8-4ba6-9d57-525faa9c6e4f,t,t,f,zoe.nelson16145@student.example.com,Zoe,Nelson,STU737367,f,f,f,f,2025-09-08 20:50:52.587,2025-09-08 20:50:52.587
a72aff70-7608-45e4-bad1-a8357c7da8ea,t,t,f,lincoln.ramirez75661@student.example.com,Lincoln,Ramirez,STU703777,f,f,f,f,2025-09-16 20:50:52.587,2025-09-16 20:50:52.587
bfef7ff7-8446-424b-a823-5ba298f1c5d5,t,t,f,logan.green55481@student.example.com,Logan,Green,STU753920,f,f,f,f,2025-09-08 20:50:52.587,2025-09-08 20:50:52.587
a75bf70a-bdb3-457c-ab7a-df1e9a5d8f48,t,t,f,ella.howard6341@student.example.com,Ella,Howard,STU423293,f,f,f,f,2025-01-30 20:50:52.587,2025-01-30 20:50:52.587
347a49c0-7012-425e-b445-4d093046ff62,t,t,f,jayden.anderson24359@student.example.com,Jayden,Anderson,STU825395,f,f,f,f,2025-09-19 20:50:52.587,2025-09-19 20:50:52.587
7c1349b8-96d6-4ab4-89db-8eccc60c0302,t,t,f,david.perez84482@student.example.com,David,Perez,STU819599,f,f,f,f,2025-07-01 20:50:52.587,2025-07-01 20:50:52.587
0102a7a2-ad57-43c9-b584-37c39064ac2a,t,t,f,noah.cooper25265@student.example.com,Noah,Cooper,STU748195,f,f,f,f,2025-04-05 20:50:52.587,2025-04-05 20:50:52.587
45a5ddd1-b6c9-4441-bf0f-96e4b0fe208e,t,t,f,maverick.ward44524@student.example.com,Maverick,Ward,STU163770,f,f,f,f,2024-12-05 20:50:52.587,2024-12-05 20:50:52.587
effad44d-1774-4fbc-a0e1-d8ccc785fd15,t,t,f,mila.cooper72487@student.example.com,Mila,Cooper,STU995428,f,f,f,f,2025-05-10 20:50:52.587,2025-05-10 20:50:52.587
8ce36381-59f3-41f4-b87a-eee3dc359206,t,t,f,nathan.gutierrez20992@student.example.com,Nathan,Gutierrez,STU737022,f,f,f,f,2025-04-26 20:50:52.587,2025-04-26 20:50:52.587
4382fbf7-aa77-41d5-ac2a-a1b4917bb1fa,t,t,f,lincoln.rodriguez84922@student.example.com,Lincoln,Rodriguez,STU531046,f,f,f,f,2025-02-20 20:50:52.587,2025-02-20 20:50:52.587
2a3cc8c9-04bc-4171-b9e7-5a4e57dc09ba,t,t,f,caleb.rivera38374@student.example.com,Caleb,Rivera,STU731291,f,f,f,f,2025-06-05 20:50:52.587,2025-06-05 20:50:52.587
6f667912-7a9b-4e71-9a08-0e81239a3666,t,t,f,owen.morris14277@student.example.com,Owen,Morris,STU250277,f,f,f,f,2025-09-09 20:50:52.587,2025-09-09 20:50:52.587
c7010e4a-ac98-475d-89e3-442d959120a7,t,t,f,amelia.green40743@student.example.com,Amelia,Green,STU571057,f,f,f,f,2025-02-13 20:50:52.587,2025-02-13 20:50:52.587
f4d86eb8-c4fc-488c-815e-a896480d5c4a,t,t,f,ezra.edwards3271@student.example.com,Ezra,Edwards,STU375558,f,f,f,f,2025-08-16 20:50:52.587,2025-08-16 20:50:52.587
2587a219-1388-4bbf-b0ae-bf3108e803ef,t,t,f,elizabeth.cox86291@student.example.com,Elizabeth,Cox,STU797747,f,f,f,f,2024-12-18 20:50:52.587,2024-12-18 20:50:52.587
05575c55-23db-48bb-860d-ae33851ea4f1,t,t,f,madison.morales5265@student.example.com,Madison,Morales,STU418595,f,f,f,f,2025-02-08 20:50:52.587,2025-02-08 20:50:52.587
7be4a4d4-63b1-4bbe-9064-334c92ce4ea8,t,t,f,liam.kim61857@student.example.com,Liam,Kim,STU861253,f,f,f,f,2024-12-04 20:50:52.587,2024-12-04 20:50:52.587
a9b2790f-2775-40bf-9d3c-64ae937a0d37,t,t,f,addison.reed84482@student.example.com,Addison,Reed,STU840627,f,f,f,f,2024-12-17 20:50:52.588,2024-12-17 20:50:52.588
77779959-f7d5-4bcd-9189-2cd833852cac,t,t,f,mateo.kelly43966@student.example.com,Mateo,Kelly,STU535944,f,f,f,f,2024-10-23 20:50:52.588,2024-10-23 20:50:52.588
12649a89-4a91-4776-ab27-a2a5d461e9e0,t,t,f,natalie.allen45554@student.example.com,Natalie,Allen,STU418782,f,f,f,f,2024-11-06 20:50:52.588,2024-11-06 20:50:52.588
af15b4d0-ecb1-42d5-88b5-62e255c70ff4,t,t,f,layla.parker49102@student.example.com,Layla,Parker,STU669735,f,f,f,f,2025-09-02 20:50:52.588,2025-09-02 20:50:52.588
58f809c3-efb0-42d6-a05e-7071da03472a,t,t,f,ava.rodriguez20693@student.example.com,Ava,Rodriguez,STU236612,f,f,f,f,2025-02-17 20:50:52.588,2025-02-17 20:50:52.588
c7abde0f-5c86-4c1a-abf6-6e3e93fc85cd,t,t,f,ellie.rodriguez11074@student.example.com,Ellie,Rodriguez,STU418155,f,f,f,f,2025-03-10 20:50:52.588,2025-03-10 20:50:52.588
d2f7ff79-faa4-47cf-b9aa-bb4de3328b37,t,t,f,zoey.rivera45152@student.example.com,Zoey,Rivera,STU126740,f,f,f,f,2025-02-07 20:50:52.588,2025-02-07 20:50:52.588
3eae19b6-0671-4b9c-884b-26f4f5b93a76,t,t,f,david.wilson55843@student.example.com,David,Wilson,STU230135,f,f,f,f,2025-03-24 20:50:52.588,2025-03-24 20:50:52.588
0849c333-8621-4c03-8efe-5ca3b0876daa,t,t,f,victoria.parker63818@student.example.com,Victoria,Parker,STU221926,f,f,f,f,2025-04-10 20:50:52.588,2025-04-10 20:50:52.588
eab497c4-c9d0-4e55-89d9-dcabcebfd46d,t,t,f,jayden.evans75014@student.example.com,Jayden,Evans,STU841792,f,f,f,f,2025-09-03 20:50:52.588,2025-09-03 20:50:52.588
b95ff4cb-d6ca-49cb-93f1-a534220346d4,t,t,f,abigail.hill52071@student.example.com,Abigail,Hill,STU844133,f,f,f,f,2025-03-31 20:50:52.588,2025-03-31 20:50:52.588
a242e537-5102-402d-9d7d-8f7c45b94abc,t,t,f,grace.lopez15135@student.example.com,Grace,Lopez,STU314587,f,f,f,f,2024-11-03 20:50:52.588,2024-11-03 20:50:52.588
3e7fd4ee-2ed1-4e0d-a71d-e2d49eefe64f,t,t,f,sebastian.mitchell51414@student.example.com,Sebastian,Mitchell,STU754885,f,f,f,f,2025-06-06 20:50:52.588,2025-06-06 20:50:52.588
d8ce35dc-6a89-4d9f-b663-2f572e19eaa9,t,t,f,evelyn.garcia78277@student.example.com,Evelyn,Garcia,STU771572,f,f,f,f,2025-08-27 20:50:52.588,2025-08-27 20:50:52.588
4c8ee9a3-7ca0-4b72-bf42-70e928165d29,t,t,f,sebastian.kim13666@student.example.com,Sebastian,Kim,STU630737,f,f,f,f,2025-08-11 20:50:52.588,2025-08-11 20:50:52.588
c5af5330-986f-45da-baf8-80e73940273e,t,t,f,aria.jackson36834@student.example.com,Aria,Jackson,STU212769,f,f,f,f,2025-06-07 20:50:52.588,2025-06-07 20:50:52.588
5154a7e8-5b09-44a7-9f97-f2f0e20dd35a,t,t,f,levi.morgan34167@student.example.com,Levi,Morgan,STU596201,f,f,f,f,2024-11-18 20:50:52.588,2024-11-18 20:50:52.588
ee9cd42a-cefe-4fb2-9733-1a8bd69800e6,t,t,f,aubrey.ramos22495@student.example.com,Aubrey,Ramos,STU794698,f,f,f,f,2025-07-26 20:50:52.588,2025-07-26 20:50:52.588
1ce0875b-f5b9-4521-9cff-8af616dccd01,t,t,f,jack.evans95885@student.example.com,Jack,Evans,STU821049,f,f,f,f,2025-06-02 20:50:52.588,2025-06-02 20:50:52.588
9ba4c087-94da-4001-8453-9f9f1469e284,t,t,f,mateo.clark25047@student.example.com,Mateo,Clark,STU753217,f,f,f,f,2024-12-03 20:50:52.588,2024-12-03 20:50:52.588
fe37d16b-9c75-4525-8d63-1202196d4619,t,t,f,ryan.garcia44428@student.example.com,Ryan,Garcia,STU227475,f,f,f,f,2025-01-09 20:50:52.588,2025-01-09 20:50:52.588
7241dcd7-91bd-48f9-85b6-559ad50ae57e,t,t,f,lucas.flores95318@student.example.com,Lucas,Flores,STU276441,f,f,f,f,2025-03-15 20:50:52.588,2025-03-15 20:50:52.588
c91e5fd3-ec2b-49d7-a4ff-9753f11e5319,t,t,f,aiden.gonzalez73061@student.example.com,Aiden,Gonzalez,STU515958,f,f,f,f,2025-03-09 20:50:52.588,2025-03-09 20:50:52.588
eb3b585e-f015-43f2-a2a4-c306b9442f23,t,t,f,joshua.allen94814@student.example.com,Joshua,Allen,STU484718,f,f,f,f,2025-06-17 20:50:52.588,2025-06-17 20:50:52.588
2c50cb50-d599-4411-a0ee-fc254428429f,t,t,f,layla.cox87132@student.example.com,Layla,Cox,STU455641,f,f,f,f,2024-12-03 20:50:52.588,2024-12-03 20:50:52.588
44c71715-294d-4c6e-8253-7f14e5c90640,t,t,f,ryan.roberts46265@student.example.com,Ryan,Roberts,STU813948,f,f,f,f,2024-11-18 20:50:52.588,2024-11-18 20:50:52.588
ab636988-b8e4-4538-a056-a8109dac642b,t,t,f,avery.moore80812@student.example.com,Avery,Moore,STU176031,f,f,f,f,2025-07-31 20:50:52.588,2025-07-31 20:50:52.588
bfbf3085-10c3-483b-b875-0b5ecd60284d,t,t,f,noah.martinez42569@student.example.com,Noah,Martinez,STU167205,f,f,f,f,2025-06-11 20:50:52.588,2025-06-11 20:50:52.588
865322cc-e8fa-4241-90bf-e7469f9ba4c1,t,t,f,henry.wright44770@student.example.com,Henry,Wright,STU548948,f,f,f,f,2025-05-01 20:50:52.588,2025-05-01 20:50:52.588
0623e376-8e9d-4765-a6be-fe53eb963f3b,t,t,f,owen.turner48910@student.example.com,Owen,Turner,STU949639,f,f,f,f,2025-04-02 20:50:52.588,2025-04-02 20:50:52.588
5893ef23-fe60-492a-830e-b32d158c3ef3,t,t,f,caleb.nguyen86043@student.example.com,Caleb,Nguyen,STU323957,f,f,f,f,2025-03-19 20:50:52.588,2025-03-19 20:50:52.588
8d855186-7271-4a48-b409-4a3c3216f4c3,t,t,f,ellie.jones86008@student.example.com,Ellie,Jones,STU950767,f,f,f,f,2025-06-15 20:50:52.588,2025-06-15 20:50:52.588
c0070c90-1ddb-47ae-9370-5aa06ec443a0,t,t,f,natalie.nguyen86201@student.example.com,Natalie,Nguyen,STU141759,f,f,f,f,2025-03-20 20:50:52.588,2025-03-20 20:50:52.588
efe07a4d-f6ef-469f-92ac-f996d344fe6e,t,t,f,mila.sanchez45165@student.example.com,Mila,Sanchez,STU871537,f,f,f,f,2025-06-20 20:50:52.588,2025-06-20 20:50:52.588
31e06be9-9d7b-4546-9e9b-65ced02694fa,t,t,f,maverick.jones62249@student.example.com,Maverick,Jones,STU797705,f,f,f,f,2024-11-03 20:50:52.588,2024-11-03 20:50:52.588
66dc0c4c-0e31-4fe8-a012-ed64f81f96e8,t,t,f,joshua.gutierrez90407@student.example.com,Joshua,Gutierrez,STU168279,f,f,f,f,2025-06-02 20:50:52.588,2025-06-02 20:50:52.588
1e85920d-ff07-4fe5-996d-41ebc4d55a79,t,t,f,olivia.adams74212@student.example.com,Olivia,Adams,STU821188,f,f,f,f,2025-03-30 20:50:52.588,2025-03-30 20:50:52.588
abf0e4d0-4559-4ab9-983c-032de3aa0160,t,t,f,maverick.harris19495@student.example.com,Maverick,Harris,STU851676,f,f,f,f,2025-04-12 20:50:52.588,2025-04-12 20:50:52.588
d7f36ea8-bdec-44d0-adc5-2b5266f44195,t,t,f,aria.kim83239@student.example.com,Aria,Kim,STU914567,f,f,f,f,2025-04-18 20:50:52.588,2025-04-18 20:50:52.588
6531b2b0-f673-42a1-97c2-f032473da857,t,t,f,theodore.lewis68050@student.example.com,Theodore,Lewis,STU360272,f,f,f,f,2025-07-23 20:50:52.588,2025-07-23 20:50:52.588
b2dd233e-3b09-48ef-a097-21d24090bed0,t,t,f,owen.hill58540@student.example.com,Owen,Hill,STU785610,f,f,f,f,2025-03-15 20:50:52.588,2025-03-15 20:50:52.588
b32ea1ad-7cd0-4f70-94ca-4fd80d4fb744,t,t,f,elijah.brown87778@student.example.com,Elijah,Brown,STU507275,f,f,f,f,2025-01-28 20:50:52.588,2025-01-28 20:50:52.588
fc5f7422-4af8-47de-a1fa-57648d5d9a38,t,t,f,chloe.jackson66569@student.example.com,Chloe,Jackson,STU263666,f,f,f,f,2025-08-09 20:50:52.588,2025-08-09 20:50:52.588
d19c4edc-6a2d-4d6c-ab7e-7be1f28acd28,t,t,f,ezra.kelly49565@student.example.com,Ezra,Kelly,STU778311,f,f,f,f,2024-11-14 20:50:52.588,2024-11-14 20:50:52.588
4e5d312a-68f1-4ca2-9d35-f07f947cd564,t,t,f,theodore.lewis30020@student.example.com,Theodore,Lewis,STU667821,f,f,f,f,2025-08-30 20:50:52.588,2025-08-30 20:50:52.588
833cc215-0da1-4564-9010-8190518e8cf1,t,t,f,caleb.allen75985@student.example.com,Caleb,Allen,STU160213,f,f,f,f,2025-06-03 20:50:52.588,2025-06-03 20:50:52.588
fe41bd6b-9234-4083-b911-420be4412963,t,t,f,wyatt.carter24375@student.example.com,Wyatt,Carter,STU915715,f,f,f,f,2024-12-17 20:50:52.588,2024-12-17 20:50:52.588
52093afe-11c5-4479-b727-d57654c3f77e,t,t,f,mason.cruz17853@student.example.com,Mason,Cruz,STU620256,f,f,f,f,2024-12-28 20:50:52.588,2024-12-28 20:50:52.588
94d84132-617a-4720-b82a-775ca6176779,t,t,f,aria.sanchez8785@student.example.com,Aria,Sanchez,STU133233,f,f,f,f,2025-02-20 20:50:52.588,2025-02-20 20:50:52.588
7d597656-ad74-4a06-808b-bbbbaac7a3f4,t,t,f,ethan.lopez63318@student.example.com,Ethan,Lopez,STU162250,f,f,f,f,2025-05-19 20:50:52.588,2025-05-19 20:50:52.588
7b0c29b6-a858-4186-984e-04e517b01d2a,t,t,f,ezra.morgan67310@student.example.com,Ezra,Morgan,STU908443,f,f,f,f,2025-06-23 20:50:52.588,2025-06-23 20:50:52.588
e075898c-1cb0-4374-8442-48d2778a2bb6,t,t,f,gabriel.kelly64573@student.example.com,Gabriel,Kelly,STU667623,f,f,f,f,2024-11-25 20:50:52.588,2024-11-25 20:50:52.588
ddd197ec-eb0d-497c-93f1-002fd78ddf8f,t,t,f,jack.nelson88464@student.example.com,Jack,Nelson,STU727960,f,f,f,f,2025-08-24 20:50:52.588,2025-08-24 20:50:52.588
0ca9a1d2-3f8f-42f4-bc50-1d0b578b49db,t,t,f,stella.brown79598@student.example.com,Stella,Brown,STU506859,f,f,f,f,2025-08-22 20:50:52.588,2025-08-22 20:50:52.588
e7150d9c-0842-4318-82a6-d258a6e537f3,t,t,f,grayson.jackson86830@student.example.com,Grayson,Jackson,STU828255,f,f,f,f,2025-01-10 20:50:52.588,2025-01-10 20:50:52.588
2e138fff-7296-4851-ac21-a51e6fe9b770,t,t,f,owen.murphy8220@student.example.com,Owen,Murphy,STU158889,f,f,f,f,2025-01-14 20:50:52.588,2025-01-14 20:50:52.588
4dd30e2d-a88d-4313-8433-4ff081a36b0f,t,t,f,logan.harris46426@student.example.com,Logan,Harris,STU329492,f,f,f,f,2025-08-13 20:50:52.588,2025-08-13 20:50:52.588
0fb4a4c4-3d3e-4aed-866f-a982843f3b71,t,t,f,ethan.torres28505@student.example.com,Ethan,Torres,STU886039,f,f,f,f,2025-02-21 20:50:52.588,2025-02-21 20:50:52.588
f8a310ef-583d-41ac-912b-44b4e5f6e077,t,t,f,emily.baker79477@student.example.com,Emily,Baker,STU584951,f,f,f,f,2025-01-11 20:50:52.589,2025-01-11 20:50:52.589
ced92bd8-a8bf-4668-914b-97bdace43c22,t,t,f,olivia.nelson525@student.example.com,Olivia,Nelson,STU741131,f,f,f,f,2025-01-15 20:50:52.589,2025-01-15 20:50:52.589
054791cf-8a92-43a9-8bce-2353c864a3cc,t,t,f,james.nguyen71994@student.example.com,James,Nguyen,STU912408,f,f,f,f,2024-11-01 20:50:52.589,2024-11-01 20:50:52.589
e4389934-7262-4303-9ffb-99ebf18f35f9,t,t,f,jaxon.johnson89381@student.example.com,Jaxon,Johnson,STU445884,f,f,f,f,2025-08-09 20:50:52.589,2025-08-09 20:50:52.589
774ff4a6-5b91-46ac-af76-17bad1d92d93,t,t,f,benjamin.adams95426@student.example.com,Benjamin,Adams,STU510103,f,f,f,f,2025-03-07 20:50:52.589,2025-03-07 20:50:52.589
7e25a19d-d674-419e-af0f-aca915fe0c72,t,t,f,jackson.allen79231@student.example.com,Jackson,Allen,STU654160,f,f,f,f,2025-08-05 20:50:52.589,2025-08-05 20:50:52.589
54bfff16-d3c5-4e57-a4c3-f8c671b2ad27,t,t,f,lucas.white85973@student.example.com,Lucas,White,STU188350,f,f,f,f,2025-04-22 20:50:52.589,2025-04-22 20:50:52.589
abf35784-ef8a-468a-a487-a6b8faf985f8,t,t,f,mia.nelson96771@student.example.com,Mia,Nelson,STU869950,f,f,f,f,2025-03-14 20:50:52.589,2025-03-14 20:50:52.589
77b72e77-5f60-42ac-8f2c-86f612ee61fd,t,t,f,maverick.kim92176@student.example.com,Maverick,Kim,STU649033,f,f,f,f,2025-04-23 20:50:52.589,2025-04-23 20:50:52.589
766fdc66-c698-423c-8e6b-a40f985c04ce,t,t,f,penelope.lee33682@student.example.com,Penelope,Lee,STU581885,f,f,f,f,2025-05-09 20:50:52.589,2025-05-09 20:50:52.589
d1ffef94-a975-49cb-acf8-7d7e00448de8,t,t,f,ryan.walker61298@student.example.com,Ryan,Walker,STU350832,f,f,f,f,2025-08-20 20:50:52.589,2025-08-20 20:50:52.589
6a3f9110-efa5-40e4-b81f-fe16d82bbd26,t,t,f,david.morgan48664@student.example.com,David,Morgan,STU249808,f,f,f,f,2025-01-02 20:50:52.589,2025-01-02 20:50:52.589
cf5d8c7a-d9c4-4f5c-870a-0e826f35a94e,t,t,f,owen.johnson50395@student.example.com,Owen,Johnson,STU295094,f,f,f,f,2025-03-14 20:50:52.589,2025-03-14 20:50:52.589
c10d3f44-9b47-4430-9093-f12e2013508d,t,t,f,jackson.morgan66395@student.example.com,Jackson,Morgan,STU388039,f,f,f,f,2025-04-21 20:50:52.589,2025-04-21 20:50:52.589
9401de43-2bad-4461-8148-f2fa6bc117a4,t,t,f,scarlett.perez71424@student.example.com,Scarlett,Perez,STU683931,f,f,f,f,2025-02-16 20:50:52.589,2025-02-16 20:50:52.589
021b15fa-8633-43c4-9cd3-fc6c28830699,t,t,f,riley.sanchez93252@student.example.com,Riley,Sanchez,STU380020,f,f,f,f,2024-12-21 20:50:52.589,2024-12-21 20:50:52.589
83e3c60a-b75b-4626-9961-1cf265d202c6,t,t,f,lillian.king76079@student.example.com,Lillian,King,STU448764,f,f,f,f,2025-08-15 20:50:52.589,2025-08-15 20:50:52.589
da46fb50-7e7a-45d0-99b5-647ee18023f6,t,t,f,asher.smith17782@student.example.com,Asher,Smith,STU768053,f,f,f,f,2025-02-26 20:50:52.589,2025-02-26 20:50:52.589
9e663ae4-d209-40d8-acf3-6a26938d04bb,t,t,f,jayden.carter38977@student.example.com,Jayden,Carter,STU956044,f,f,f,f,2025-08-15 20:50:52.589,2025-08-15 20:50:52.589
a1746b6a-eefe-43de-a7d6-bc4ac6eb334b,t,t,f,riley.howard84148@student.example.com,Riley,Howard,STU283169,f,f,f,f,2025-03-23 20:50:52.589,2025-03-23 20:50:52.589
5d981ebe-f54c-4e9a-9e00-d8cf24ae89f7,t,t,f,grace.scott82292@student.example.com,Grace,Scott,STU527146,f,f,f,f,2025-05-01 20:50:52.589,2025-05-01 20:50:52.589
779f4a46-5198-4706-b498-ac601f8e4933,t,t,f,maverick.johnson9075@student.example.com,Maverick,Johnson,STU114096,f,f,f,f,2025-03-31 20:50:52.589,2025-03-31 20:50:52.589
56d97af8-522b-4da4-85c0-00b5dfe7825e,t,t,f,madison.kelly721@student.example.com,Madison,Kelly,STU344569,f,f,f,f,2025-06-29 20:50:52.589,2025-06-29 20:50:52.589
456e8e42-4305-4ba6-bd3f-3a5749a40709,t,t,f,carter.johnson5269@student.example.com,Carter,Johnson,STU209513,f,f,f,f,2024-10-30 20:50:52.589,2024-10-30 20:50:52.589
9682efd5-bde3-4241-8e73-55c34d38cf42,t,t,f,luke.collins80259@student.example.com,Luke,Collins,STU201231,f,f,f,f,2025-08-07 20:50:52.589,2025-08-07 20:50:52.589
7b8c8b90-15c1-45a0-b451-cd7a70788c79,t,t,f,ella.cook60434@student.example.com,Ella,Cook,STU495487,f,f,f,f,2024-11-25 20:50:52.589,2024-11-25 20:50:52.589
ff5162c4-ea05-4794-ae86-0b78fce6b3f6,t,t,f,elijah.sanchez74255@student.example.com,Elijah,Sanchez,STU106071,f,f,f,f,2025-08-16 20:50:52.589,2025-08-16 20:50:52.589
caabad34-8a60-46f7-aa29-003e2893844b,t,t,f,jayden.robinson19349@student.example.com,Jayden,Robinson,STU654980,f,f,f,f,2025-01-25 20:50:52.589,2025-01-25 20:50:52.589
ef0c6075-211a-4fe2-8c58-dec0852875ff,t,t,f,ryan.evans81763@student.example.com,Ryan,Evans,STU584243,f,f,f,f,2025-02-18 20:50:52.589,2025-02-18 20:50:52.589
94e57c49-d172-4bf4-bc57-00c7aaa4ee45,t,t,f,amelia.white87198@student.example.com,Amelia,White,STU347147,f,f,f,f,2025-01-14 20:50:52.589,2025-01-14 20:50:52.589
aa0e8754-1bdf-4869-886b-2dbd76f8bacf,t,t,f,mia.ramos31589@student.example.com,Mia,Ramos,STU849018,f,f,f,f,2025-08-02 20:50:52.589,2025-08-02 20:50:52.589
b1457323-447a-44c1-9e5f-6e0dc2cdfb3c,t,t,f,penelope.morgan19040@student.example.com,Penelope,Morgan,STU346936,f,f,f,f,2025-09-03 20:50:52.589,2025-09-03 20:50:52.589
02db685d-373d-426e-9194-cf2e9bc3c9c5,t,t,f,lily.clark79951@student.example.com,Lily,Clark,STU794179,f,f,f,f,2025-07-01 20:50:52.589,2025-07-01 20:50:52.589
1e2edfe5-94ca-4167-871f-9f51cfe7d619,t,t,f,lily.cox64262@student.example.com,Lily,Cox,STU356814,f,f,f,f,2024-12-31 20:50:52.589,2024-12-31 20:50:52.589
203335d1-562a-453e-9922-5b8e91a8c37d,t,t,f,ella.gutierrez77715@student.example.com,Ella,Gutierrez,STU801446,f,f,f,f,2025-01-21 20:50:52.589,2025-01-21 20:50:52.589
9e6c3722-63cc-4d0f-9f75-453a939feb31,t,t,f,gabriel.taylor55737@student.example.com,Gabriel,Taylor,STU194988,f,f,f,f,2024-11-16 20:50:52.589,2024-11-16 20:50:52.589
a34f5d51-09f6-4a13-9d76-64f4bdcde0bf,t,t,f,scarlett.thomas14964@student.example.com,Scarlett,Thomas,STU401850,f,f,f,f,2024-11-04 20:50:52.589,2024-11-04 20:50:52.589
171c7e91-0166-4b6c-87f5-097d6c51e9bd,t,t,f,gabriel.adams38760@student.example.com,Gabriel,Adams,STU858876,f,f,f,f,2025-09-06 20:50:52.589,2025-09-06 20:50:52.589
1ae54354-7dd5-4c8e-abdc-8b7f5f45a14f,t,t,f,isaac.kim65580@student.example.com,Isaac,Kim,STU400583,f,f,f,f,2025-01-16 20:50:52.589,2025-01-16 20:50:52.589
da398931-7338-490b-9c54-503bb760c0ec,t,t,f,mia.campbell4302@student.example.com,Mia,Campbell,STU445684,f,f,f,f,2024-11-18 20:50:52.589,2024-11-18 20:50:52.589
5f3f077f-05e8-40b8-b1f4-abf5d05ee09e,t,t,f,sofia.morales56100@student.example.com,Sofia,Morales,STU685659,f,f,f,f,2025-08-06 20:50:52.589,2025-08-06 20:50:52.589
373b2344-0f23-4e26-9c85-650dc1450669,t,t,f,lily.morales18031@student.example.com,Lily,Morales,STU914408,f,f,f,f,2025-07-06 20:50:52.589,2025-07-06 20:50:52.589
19a4b067-be02-4d7a-b949-0585718aebd2,t,t,f,jayden.richardson53812@student.example.com,Jayden,Richardson,STU555929,f,f,f,f,2025-09-14 20:50:52.589,2025-09-14 20:50:52.589
ead1b646-f51b-4459-b61b-37b39aa4688e,t,t,f,ellie.morales87821@student.example.com,Ellie,Morales,STU235396,f,f,f,f,2024-10-29 20:50:52.589,2024-10-29 20:50:52.589
025e8045-33b9-47db-8b8c-36b10d16fed4,t,t,f,noah.nelson5760@student.example.com,Noah,Nelson,STU347101,f,f,f,f,2025-09-14 20:50:52.589,2025-09-14 20:50:52.589
8abd81d0-5df0-4cca-a4da-95f7f4b6781a,t,t,f,natalie.richardson53062@student.example.com,Natalie,Richardson,STU747783,f,f,f,f,2024-11-15 20:50:52.589,2024-11-15 20:50:52.589
cbfe81c5-b235-4c90-bcda-3d4d5ba3e0a9,t,t,f,madison.diaz65883@student.example.com,Madison,Diaz,STU397713,f,f,f,f,2025-03-06 20:50:52.589,2025-03-06 20:50:52.589
b12086e4-9cbb-42e7-8b73-f8b7d67f382c,t,t,f,abigail.collins75528@student.example.com,Abigail,Collins,STU607331,f,f,f,f,2025-01-02 20:50:52.589,2025-01-02 20:50:52.589
24e9c051-6d8c-4ea9-9972-a17c6c5c8f65,t,t,f,chloe.garcia84921@student.example.com,Chloe,Garcia,STU480541,f,f,f,f,2025-04-24 20:50:52.589,2025-04-24 20:50:52.589
b92256a2-531e-4879-ba26-20a87f7ef93b,t,t,f,avery.howard27051@student.example.com,Avery,Howard,STU112361,f,f,f,f,2024-11-17 20:50:52.589,2024-11-17 20:50:52.589
8d954547-830a-4144-9328-ec545c83d5ab,t,t,f,stella.jones61121@student.example.com,Stella,Jones,STU993251,f,f,f,f,2025-06-25 20:50:52.589,2025-06-25 20:50:52.589
572f3a26-1349-4354-b743-0e6fe0e7d537,t,t,f,isaac.williams64434@student.example.com,Isaac,Williams,STU792239,f,f,f,f,2025-05-04 20:50:52.589,2025-05-04 20:50:52.589
1458d996-7fba-4e2a-9e38-29ed40029b48,t,t,f,lucas.cooper88760@student.example.com,Lucas,Cooper,STU910909,f,f,f,f,2025-04-17 20:50:52.589,2025-04-17 20:50:52.589
6d99aaee-42a3-442c-932d-ee776ca85926,t,t,f,sebastian.ward25852@student.example.com,Sebastian,Ward,STU793315,f,f,f,f,2024-11-19 20:50:52.589,2024-11-19 20:50:52.589
5dcf0924-2157-4962-bbcd-608bf203cbfc,t,t,f,julian.rivera32@student.example.com,Julian,Rivera,STU892333,f,f,f,f,2025-03-30 20:50:52.589,2025-03-30 20:50:52.589
cadf9bc2-6c6b-47b0-8cf7-542c9eaacce5,t,t,f,joshua.garcia41835@student.example.com,Joshua,Garcia,STU517484,f,f,f,f,2025-08-17 20:50:52.589,2025-08-17 20:50:52.589
05ab4473-8cc3-407f-9e3f-86c6b6a36fbe,t,t,f,elizabeth.diaz48032@student.example.com,Elizabeth,Diaz,STU186115,f,f,f,f,2025-06-13 20:50:52.589,2025-06-13 20:50:52.589
5f452c78-8a36-45b8-8961-302da5dcbcea,t,t,f,mason.kim19628@student.example.com,Mason,Kim,STU823415,f,f,f,f,2025-07-06 20:50:52.589,2025-07-06 20:50:52.589
964e5c11-d53b-4d88-a60c-2994250ded73,t,t,f,isaiah.cox33395@student.example.com,Isaiah,Cox,STU429327,f,f,f,f,2025-01-26 20:50:52.589,2025-01-26 20:50:52.589
06928a9a-bff9-4e77-b41d-37f6e90982f1,t,t,f,luna.miller98448@student.example.com,Luna,Miller,STU346794,f,f,f,f,2024-12-04 20:50:52.589,2024-12-04 20:50:52.589
d0aeb622-eb5c-4bbe-9ab2-cbe4f0ea96df,t,t,f,scarlett.jones99953@student.example.com,Scarlett,Jones,STU837238,f,f,f,f,2024-12-09 20:50:52.589,2024-12-09 20:50:52.589
daafa311-56e9-4497-929a-c7b66ddc89a8,t,t,f,ellie.collins63937@student.example.com,Ellie,Collins,STU126899,f,f,f,f,2025-02-03 20:50:52.589,2025-02-03 20:50:52.589
ec566605-0358-42c4-a9ab-97a240090ced,t,t,f,addison.morales66319@student.example.com,Addison,Morales,STU726435,f,f,f,f,2025-02-03 20:50:52.589,2025-02-03 20:50:52.589
e9ac7bf2-db53-427f-ad7f-aee783b93c27,t,t,f,addison.morgan18739@student.example.com,Addison,Morgan,STU453671,f,f,f,f,2025-04-28 20:50:52.589,2025-04-28 20:50:52.589
16fe3360-4970-469e-8d0a-5423c779afdb,t,t,f,scarlett.johnson85179@student.example.com,Scarlett,Johnson,STU961079,f,f,f,f,2025-06-19 20:50:52.589,2025-06-19 20:50:52.589
f26b71bc-fa8e-4061-82fe-26c927ee2a98,t,t,f,aria.sanchez72691@student.example.com,Aria,Sanchez,STU929679,f,f,f,f,2025-05-28 20:50:52.589,2025-05-28 20:50:52.589
f6c0ce62-bcc9-4ade-99f1-114f66605696,t,t,f,julian.jackson93414@student.example.com,Julian,Jackson,STU517405,f,f,f,f,2025-06-24 20:50:52.589,2025-06-24 20:50:52.589
e9bba459-2680-40ab-a084-497a830858d3,t,t,f,ryan.kelly48317@student.example.com,Ryan,Kelly,STU792900,f,f,f,f,2025-09-05 20:50:52.589,2025-09-05 20:50:52.589
5326396f-b839-4e8b-95de-8f27b91fc3f8,t,t,f,ryan.morales59108@student.example.com,Ryan,Morales,STU402308,f,f,f,f,2024-12-16 20:50:52.589,2024-12-16 20:50:52.589
4095e14e-5364-4cc1-8288-b17c02c9c9a4,t,t,f,jack.cooper28281@student.example.com,Jack,Cooper,STU110754,f,f,f,f,2024-11-26 20:50:52.589,2024-11-26 20:50:52.589
dd205592-a90c-4746-9aaa-7ba396dce97e,t,t,f,stella.moore70663@student.example.com,Stella,Moore,STU839178,f,f,f,f,2025-01-23 20:50:52.589,2025-01-23 20:50:52.589
88f0822f-d7eb-49c7-a31d-1852effac3fe,t,t,f,benjamin.evans46741@student.example.com,Benjamin,Evans,STU963230,f,f,f,f,2025-05-21 20:50:52.589,2025-05-21 20:50:52.589
b6a728cd-f6f4-4b43-b686-da9cf00231e7,t,t,f,nathan.lewis67141@student.example.com,Nathan,Lewis,STU327153,f,f,f,f,2025-07-12 20:50:52.589,2025-07-12 20:50:52.589
03fbad6c-14ba-49f9-b5bb-008bc88ecb96,t,t,f,elijah.johnson12318@student.example.com,Elijah,Johnson,STU664246,f,f,f,f,2024-11-06 20:50:52.589,2024-11-06 20:50:52.589
9e8efa1b-738f-4d67-afc9-f7f32395d6ba,t,t,f,abigail.flores10854@student.example.com,Abigail,Flores,STU880749,f,f,f,f,2025-08-02 20:50:52.589,2025-08-02 20:50:52.589
169eb11a-232f-4318-a0cf-50955fcd8030,t,t,f,isaac.bailey5791@student.example.com,Isaac,Bailey,STU592860,f,f,f,f,2025-01-11 20:50:52.589,2025-01-11 20:50:52.589
7deaf563-01ee-4815-ae85-06a7af65ec73,t,t,f,grayson.ward95160@student.example.com,Grayson,Ward,STU434003,f,f,f,f,2025-04-21 20:50:52.589,2025-04-21 20:50:52.589
a3a4ec6e-6015-4d7f-9da2-883595e2d434,t,t,f,mia.nelson60213@student.example.com,Mia,Nelson,STU501949,f,f,f,f,2024-11-22 20:50:52.589,2024-11-22 20:50:52.589
2afc7d9d-39e2-4676-bfc7-c9dd926b38fc,t,t,f,sophia.torres2337@student.example.com,Sophia,Torres,STU163915,f,f,f,f,2024-12-20 20:50:52.589,2024-12-20 20:50:52.589
53da24fe-a349-45c3-9ee5-2d9114b0d326,t,t,f,lily.gomez91462@student.example.com,Lily,Gomez,STU918867,f,f,f,f,2025-08-04 20:50:52.590,2025-08-04 20:50:52.590
d1401f9a-89d6-4d62-be0d-fd64a7175fff,t,t,f,camila.robinson32640@student.example.com,Camila,Robinson,STU359898,f,f,f,f,2025-08-09 20:50:52.590,2025-08-09 20:50:52.590
77ae282e-9ff2-47bf-af1f-50f46a932884,t,t,f,isaiah.baker25983@student.example.com,Isaiah,Baker,STU433422,f,f,f,f,2025-09-06 20:50:52.590,2025-09-06 20:50:52.590
875d00d5-1a06-4d3a-8888-911672878a02,t,t,f,gabriel.miller28794@student.example.com,Gabriel,Miller,STU990571,f,f,f,f,2025-03-17 20:50:52.590,2025-03-17 20:50:52.590
dbe391b0-8718-4211-84a9-9b5da26a6df9,t,t,f,abigail.hernandez71507@student.example.com,Abigail,Hernandez,STU949101,f,f,f,f,2025-03-18 20:50:52.590,2025-03-18 20:50:52.590
63e475a6-e0bc-4c56-ba47-12c5bdfe0bf0,t,t,f,levi.carter2014@student.example.com,Levi,Carter,STU339119,f,f,f,f,2025-06-17 20:50:52.590,2025-06-17 20:50:52.590
2db6525c-0e43-436d-8dae-5a4aa849074f,t,t,f,nora.cruz5571@student.example.com,Nora,Cruz,STU551058,f,f,f,f,2025-06-03 20:50:52.590,2025-06-03 20:50:52.590
df4a0dda-8c95-427d-b10d-d6ee44010b11,t,t,f,theodore.martinez53009@student.example.com,Theodore,Martinez,STU184718,f,f,f,f,2024-12-05 20:50:52.590,2024-12-05 20:50:52.590
5642f8e9-eff7-4ec1-aa20-ef699e819fe2,t,t,f,penelope.richardson19542@student.example.com,Penelope,Richardson,STU623513,f,f,f,f,2025-04-06 20:50:52.590,2025-04-06 20:50:52.590
61e07ea4-b096-4279-803b-3e14f3fb8cd2,t,t,f,emma.morgan19678@student.example.com,Emma,Morgan,STU242242,f,f,f,f,2025-04-03 20:50:52.590,2025-04-03 20:50:52.590
503bf387-4892-4eb9-a5ff-f7a935cc76cf,t,t,f,ezra.morris3756@student.example.com,Ezra,Morris,STU262001,f,f,f,f,2025-09-08 20:50:52.590,2025-09-08 20:50:52.590
c4965a5e-f9b0-4dd7-a5a4-6be0bb6d6f86,t,t,f,noah.king48778@student.example.com,Noah,King,STU934890,f,f,f,f,2025-06-17 20:50:52.590,2025-06-17 20:50:52.590
69c2b47d-8e76-4e12-babc-5c7982912304,t,t,f,lincoln.wilson7180@student.example.com,Lincoln,Wilson,STU172158,f,f,f,f,2025-07-28 20:50:52.590,2025-07-28 20:50:52.590
e4d16d9b-ad3a-4e68-a2e8-fc98246ecafa,t,t,f,julian.mitchell42251@student.example.com,Julian,Mitchell,STU782962,f,f,f,f,2025-02-05 20:50:52.590,2025-02-05 20:50:52.590
716997c6-7363-4c5f-bca3-8c3e7309286e,t,t,f,layla.robinson14200@student.example.com,Layla,Robinson,STU847248,f,f,f,f,2025-05-23 20:50:52.590,2025-05-23 20:50:52.590
66a43d3e-d62a-4e94-84dd-f1a50a00171a,t,t,f,penelope.hall51782@student.example.com,Penelope,Hall,STU287491,f,f,f,f,2025-07-31 20:50:52.590,2025-07-31 20:50:52.590
9d98a59a-7241-4159-9a82-428eb208fbdf,t,t,f,avery.lopez17142@student.example.com,Avery,Lopez,STU583389,f,f,f,f,2025-04-06 20:50:52.590,2025-04-06 20:50:52.590
aa7bba95-93ba-4c40-9471-11b11b715c27,t,t,f,riley.howard89378@student.example.com,Riley,Howard,STU114036,f,f,f,f,2025-02-27 20:50:52.590,2025-02-27 20:50:52.590
56e29ed5-53a8-468e-a628-5ad4783a6dcf,t,t,f,hannah.baker50645@student.example.com,Hannah,Baker,STU683361,f,f,f,f,2025-09-18 20:50:52.590,2025-09-18 20:50:52.590
4305c9b7-6907-4cbb-9078-bbb7b6215bbf,t,t,f,asher.jackson56720@student.example.com,Asher,Jackson,STU370053,f,f,f,f,2025-01-12 20:50:52.590,2025-01-12 20:50:52.590
7bf32634-d2ae-4de6-bbc9-d9504f1c3a48,t,t,f,benjamin.ortiz56458@student.example.com,Benjamin,Ortiz,STU486671,f,f,f,f,2025-08-22 20:50:52.590,2025-08-22 20:50:52.590
291e0687-2802-48cd-ad9d-0f2ff149b8c8,t,t,f,nathan.parker8045@student.example.com,Nathan,Parker,STU998073,f,f,f,f,2025-07-02 20:50:52.590,2025-07-02 20:50:52.590
c402fd29-02a6-46ba-93ad-b41c1fa622e8,t,t,f,camila.ortiz77627@student.example.com,Camila,Ortiz,STU134290,f,f,f,f,2025-07-29 20:50:52.590,2025-07-29 20:50:52.590
33615ad7-4476-4edf-8589-40456a71963f,t,t,f,alexander.brown90418@student.example.com,Alexander,Brown,STU109255,f,f,f,f,2025-02-18 20:50:52.590,2025-02-18 20:50:52.590
ed3dd7e4-2dd8-486d-806a-9835fc25fa4f,t,t,f,gabriel.thompson75403@student.example.com,Gabriel,Thompson,STU569907,f,f,f,f,2025-06-23 20:50:52.590,2025-06-23 20:50:52.590
0fb921ca-f243-44db-bd93-0ce6c94eb305,t,t,f,jackson.ward47417@student.example.com,Jackson,Ward,STU655264,f,f,f,f,2024-12-26 20:50:52.590,2024-12-26 20:50:52.590
bce7d0f0-0d4c-4957-bd4d-2c0408ed13cb,t,t,f,lucas.harris31430@student.example.com,Lucas,Harris,STU636959,f,f,f,f,2025-04-22 20:50:52.590,2025-04-22 20:50:52.590
26457103-f0b2-4ba2-ade0-c8206ffdedd3,t,t,f,isaiah.thomas14779@student.example.com,Isaiah,Thomas,STU336320,f,f,f,f,2025-08-21 20:50:52.590,2025-08-21 20:50:52.590
78bde6ff-a358-448e-97ed-97718aed67ca,t,t,f,addison.sanchez19918@student.example.com,Addison,Sanchez,STU729089,f,f,f,f,2025-05-15 20:50:52.590,2025-05-15 20:50:52.590
60171d22-a1d1-4f22-892a-f3ed671255f2,t,t,f,zoey.howard36530@student.example.com,Zoey,Howard,STU528438,f,f,f,f,2025-07-29 20:50:52.590,2025-07-29 20:50:52.590
0f3e7885-4fc8-43c0-b606-642c86a33fb6,t,t,f,ella.miller81269@student.example.com,Ella,Miller,STU186304,f,f,f,f,2025-04-06 20:50:52.590,2025-04-06 20:50:52.590
e03b03fb-cadb-4e54-84a5-bf1bd8fc3a39,t,t,f,mila.morris69372@student.example.com,Mila,Morris,STU284908,f,f,f,f,2025-03-15 20:50:52.590,2025-03-15 20:50:52.590
05115065-83e7-428f-a3a3-5b5c06935a65,t,t,f,mila.morris85549@student.example.com,Mila,Morris,STU269181,f,f,f,f,2025-09-09 20:50:52.590,2025-09-09 20:50:52.590
86e5a239-6917-40e7-89ed-2df7dea879e1,t,t,f,sebastian.turner88330@student.example.com,Sebastian,Turner,STU330829,f,f,f,f,2024-12-03 20:50:52.590,2024-12-03 20:50:52.590
0903f63e-45d4-4122-9d09-4bebacae3499,t,t,f,abigail.sanchez37028@student.example.com,Abigail,Sanchez,STU821370,f,f,f,f,2025-04-28 20:50:52.590,2025-04-28 20:50:52.590
e1dec8d2-8bfa-4c19-98c6-8c2a729ab49f,t,t,f,wyatt.allen62366@student.example.com,Wyatt,Allen,STU259871,f,f,f,f,2025-07-31 20:50:52.590,2025-07-31 20:50:52.590
9b2049f2-c063-4ea1-9c59-0e8dca25f3d3,t,t,f,aiden.parker25021@student.example.com,Aiden,Parker,STU644301,f,f,f,f,2025-08-24 20:50:52.590,2025-08-24 20:50:52.590
f3c02d85-3137-498f-bfda-be5fba2b3c2d,t,t,f,scarlett.lopez81173@student.example.com,Scarlett,Lopez,STU601010,f,f,f,f,2025-03-15 20:50:52.590,2025-03-15 20:50:52.590
85e4ea8f-cf64-412e-87fb-793d6de69c6b,t,t,f,camila.robinson79063@student.example.com,Camila,Robinson,STU523740,f,f,f,f,2024-11-11 20:50:52.590,2024-11-11 20:50:52.590
04a4cf39-127b-493c-8f5e-613a98e66920,t,t,f,jack.morgan75529@student.example.com,Jack,Morgan,STU450336,f,f,f,f,2025-05-07 20:50:52.590,2025-05-07 20:50:52.590
675a61e7-ba8c-46d4-9091-561be26372f4,t,t,f,david.ward48460@student.example.com,David,Ward,STU907332,f,f,f,f,2025-01-26 20:50:52.590,2025-01-26 20:50:52.590
a4265d04-fcff-4234-86a8-b5b370982b3f,t,t,f,emily.carter12806@student.example.com,Emily,Carter,STU975603,f,f,f,f,2025-06-15 20:50:52.590,2025-06-15 20:50:52.590
a0194304-cdd6-4b17-8b8f-2f9b0830c75c,t,t,f,william.edwards58277@student.example.com,William,Edwards,STU675534,f,f,f,f,2025-09-17 20:50:52.590,2025-09-17 20:50:52.590
dcf366c8-0d83-41fa-9c8d-8160e4f960dc,t,t,f,sebastian.ward90776@student.example.com,Sebastian,Ward,STU449707,f,f,f,f,2025-03-11 20:50:52.590,2025-03-11 20:50:52.590
fe727c96-9bd3-4b95-9dd1-989edb814741,t,t,f,gabriel.morales38632@student.example.com,Gabriel,Morales,STU172702,f,f,f,f,2024-12-22 20:50:52.590,2024-12-22 20:50:52.590
bb8ffa38-f2d4-4d20-987f-7a6adbe59649,t,t,f,maverick.ramos49496@student.example.com,Maverick,Ramos,STU471701,f,f,f,f,2025-06-13 20:50:52.590,2025-06-13 20:50:52.590
ab2fcbb0-022f-4665-b482-9ac2f23279f3,t,t,f,joshua.peterson36277@student.example.com,Joshua,Peterson,STU513041,f,f,f,f,2025-01-20 20:50:52.590,2025-01-20 20:50:52.590
83402452-1931-4cb1-8401-50804a43d4ba,t,t,f,alexander.wilson90390@student.example.com,Alexander,Wilson,STU824995,f,f,f,f,2024-12-27 20:50:52.590,2024-12-27 20:50:52.590
c9339044-10a2-49c4-9ec0-cc24c2e2f6f3,t,t,f,victoria.lee57309@student.example.com,Victoria,Lee,STU171164,f,f,f,f,2025-05-15 20:50:52.590,2025-05-15 20:50:52.590
ee6b17f7-c4bc-49bb-8486-2bb24436396b,t,t,f,jayden.nguyen79896@student.example.com,Jayden,Nguyen,STU716655,f,f,f,f,2025-07-16 20:50:52.590,2025-07-16 20:50:52.590
9b697989-d340-4370-ae94-565e2f78c4f6,t,t,f,aria.smith16832@student.example.com,Aria,Smith,STU394735,f,f,f,f,2025-07-26 20:50:52.590,2025-07-26 20:50:52.590
bf532fc5-1804-4428-86b4-a00bfead334a,t,t,f,grayson.cox689@student.example.com,Grayson,Cox,STU387011,f,f,f,f,2025-06-03 20:50:52.590,2025-06-03 20:50:52.590
e0a23343-c1eb-4a77-a62b-92578d88b863,t,t,f,aiden.campbell74487@student.example.com,Aiden,Campbell,STU949473,f,f,f,f,2025-04-24 20:50:52.590,2025-04-24 20:50:52.590
62a04c45-3ffa-4988-ac12-170c8c0bc8e1,t,t,f,alexander.young39716@student.example.com,Alexander,Young,STU352049,f,f,f,f,2024-11-18 20:50:52.590,2024-11-18 20:50:52.590
c3eab689-a039-4f50-b761-08db85768b4c,t,t,f,logan.clark32691@student.example.com,Logan,Clark,STU656925,f,f,f,f,2025-09-02 20:50:52.590,2025-09-02 20:50:52.590
6421362a-78d9-49a2-970e-ea87f8aa11e0,t,t,f,eleanor.murphy87462@student.example.com,Eleanor,Murphy,STU941794,f,f,f,f,2025-06-07 20:50:52.590,2025-06-07 20:50:52.590
535b6b53-b10d-478e-9561-229974765c72,t,t,f,emily.mitchell41635@student.example.com,Emily,Mitchell,STU548231,f,f,f,f,2025-07-15 20:50:52.590,2025-07-15 20:50:52.590
3b70ea32-bbde-43bf-9ec0-abead68de3dd,t,t,f,emma.phillips95790@student.example.com,Emma,Phillips,STU418939,f,f,f,f,2024-12-11 20:50:52.590,2024-12-11 20:50:52.590
4e344799-c7dc-4212-8595-7d08d529dd28,t,t,f,evelyn.green15048@student.example.com,Evelyn,Green,STU600124,f,f,f,f,2025-03-05 20:50:52.590,2025-03-05 20:50:52.590
4a9c2372-3286-44a6-ae93-b9a3bb32b049,t,t,f,logan.torres91742@student.example.com,Logan,Torres,STU651081,f,f,f,f,2025-05-18 20:50:52.590,2025-05-18 20:50:52.590
3e4c7e14-d160-4ac8-aedb-176e5d7bfd0d,t,t,f,mila.murphy91515@student.example.com,Mila,Murphy,STU255355,f,f,f,f,2024-11-24 20:50:52.590,2024-11-24 20:50:52.590
53cd4186-36f7-49d6-8a91-41de58f21fa1,t,t,f,wyatt.parker90131@student.example.com,Wyatt,Parker,STU228876,f,f,f,f,2024-10-29 20:50:52.590,2024-10-29 20:50:52.590
3abbe5d2-af9c-4909-9364-8871ce408015,t,t,f,charlotte.collins64882@student.example.com,Charlotte,Collins,STU878194,f,f,f,f,2025-07-20 20:50:52.590,2025-07-20 20:50:52.590
5cd053a8-220e-4d14-bef2-7d4570fd2bbb,t,t,f,james.lewis67558@student.example.com,James,Lewis,STU258866,f,f,f,f,2025-09-08 20:50:52.590,2025-09-08 20:50:52.590
91793262-4a37-4d2d-aa34-0690acdb5cef,t,t,f,levi.thompson44041@student.example.com,Levi,Thompson,STU178293,f,f,f,f,2025-03-08 20:50:52.590,2025-03-08 20:50:52.590
b44fadcc-2400-4d5f-b025-f6b5f33bd6c3,t,t,f,owen.morales93968@student.example.com,Owen,Morales,STU449888,f,f,f,f,2025-07-02 20:50:52.590,2025-07-02 20:50:52.590
f264fc6b-c3c1-4748-a282-2861a529fc34,t,t,f,gabriel.campbell88014@student.example.com,Gabriel,Campbell,STU579039,f,f,f,f,2025-04-01 20:50:52.590,2025-04-01 20:50:52.590
732ead4a-1dc1-4846-a089-2e6d64854656,t,t,f,eleanor.baker81764@student.example.com,Eleanor,Baker,STU765916,f,f,f,f,2025-03-10 20:50:52.590,2025-03-10 20:50:52.590
790f18b5-e34b-4d41-ba3e-7978d21cd90f,t,t,f,hannah.williams39399@student.example.com,Hannah,Williams,STU614744,f,f,f,f,2025-06-15 20:50:52.590,2025-06-15 20:50:52.590
a5373f5a-926b-4ca5-a9c8-6c2bb66bf673,t,t,f,elizabeth.morris68440@student.example.com,Elizabeth,Morris,STU214336,f,f,f,f,2025-09-05 20:50:52.590,2025-09-05 20:50:52.590
1c77329a-6ead-48dc-9e82-ab20b3e179f2,t,t,f,penelope.ramirez22896@student.example.com,Penelope,Ramirez,STU542830,f,f,f,f,2024-11-25 20:50:52.590,2024-11-25 20:50:52.590
78b497f2-e112-4d75-80a1-1eff2a0e49c2,t,t,f,alexander.diaz38018@student.example.com,Alexander,Diaz,STU673825,f,f,f,f,2024-11-15 20:50:52.590,2024-11-15 20:50:52.590
b00647a1-5abb-48af-bf65-f35c183f2651,t,t,f,stella.taylor30972@student.example.com,Stella,Taylor,STU194128,f,f,f,f,2025-07-28 20:50:52.590,2025-07-28 20:50:52.590
562585ea-ad35-4178-9429-29c17832e413,t,t,f,isaiah.moore65419@student.example.com,Isaiah,Moore,STU793762,f,f,f,f,2024-11-29 20:50:52.590,2024-11-29 20:50:52.590
9bf417c3-5a46-4054-ba0f-e77ef44efa26,t,t,f,riley.wilson37664@student.example.com,Riley,Wilson,STU967530,f,f,f,f,2024-12-18 20:50:52.590,2024-12-18 20:50:52.590
c1b4d11e-0b6a-4e12-963e-5bb3e1c8665d,t,t,f,abigail.wright28358@student.example.com,Abigail,Wright,STU195312,f,f,f,f,2025-07-23 20:50:52.590,2025-07-23 20:50:52.590
8d964aa2-647b-4de1-af63-de7b23a90f54,t,t,f,theodore.adams16@student.example.com,Theodore,Adams,STU939847,f,f,f,f,2025-09-09 20:50:52.590,2025-09-09 20:50:52.590
9bc6a96c-b405-4aea-8a01-5bf3a10e9964,t,t,f,levi.diaz10124@student.example.com,Levi,Diaz,STU641919,f,f,f,f,2025-03-09 20:50:52.590,2025-03-09 20:50:52.590
c7d3786a-4e28-4e52-bf0b-53c0edbf2e5a,t,t,f,chloe.martinez84878@student.example.com,Chloe,Martinez,STU364356,f,f,f,f,2025-04-09 20:50:52.590,2025-04-09 20:50:52.590
18489a1c-1119-4fa4-928e-2992b69bf7cc,t,t,f,benjamin.cooper4822@student.example.com,Benjamin,Cooper,STU313892,f,f,f,f,2025-07-23 20:50:52.590,2025-07-23 20:50:52.590
09c25de9-3062-4ad7-b2b2-0f5b7c3e6618,t,t,f,leo.lewis38829@student.example.com,Leo,Lewis,STU454266,f,f,f,f,2025-06-27 20:50:52.590,2025-06-27 20:50:52.590
2aa34f98-4a1e-4d22-875d-af153f3b2975,t,t,f,camila.carter59907@student.example.com,Camila,Carter,STU361322,f,f,f,f,2024-11-29 20:50:52.590,2024-11-29 20:50:52.590
b3a747bf-5715-4baf-bcff-07a1310a1df6,t,t,f,penelope.harris4753@student.example.com,Penelope,Harris,STU234414,f,f,f,f,2025-06-08 20:50:52.590,2025-06-08 20:50:52.590
427f2df3-c2ce-4824-a2a6-01a91e147b42,t,t,f,luke.clark70000@student.example.com,Luke,Clark,STU427307,f,f,f,f,2025-07-07 20:50:52.591,2025-07-07 20:50:52.591
bd63b88c-5222-4200-9a1e-32c16739c7e2,t,t,f,emily.johnson73167@student.example.com,Emily,Johnson,STU451816,f,f,f,f,2025-07-20 20:50:52.591,2025-07-20 20:50:52.591
e0c0a292-69b7-4b39-9ad2-0dfd1f336ac3,t,t,f,owen.lewis15867@student.example.com,Owen,Lewis,STU871658,f,f,f,f,2024-11-20 20:50:52.591,2024-11-20 20:50:52.591
d9d43caf-1412-4070-9da9-5145c4603ea8,t,t,f,lincoln.hernandez12493@student.example.com,Lincoln,Hernandez,STU778410,f,f,f,f,2025-04-27 20:50:52.591,2025-04-27 20:50:52.591
1a601bdb-2012-4114-bee3-04e9b6a98f89,t,t,f,asher.scott42586@student.example.com,Asher,Scott,STU613013,f,f,f,f,2025-06-18 20:50:52.591,2025-06-18 20:50:52.591
877c3aa1-5f78-4377-bdc7-65ddb4387cfe,t,t,f,emma.cook22260@student.example.com,Emma,Cook,STU807500,f,f,f,f,2025-01-05 20:50:52.591,2025-01-05 20:50:52.591
f5f6a380-bc3a-42ec-a8f5-1562c39d02af,t,t,f,owen.brown82315@student.example.com,Owen,Brown,STU303467,f,f,f,f,2025-06-06 20:50:52.591,2025-06-06 20:50:52.591
c615be7a-2d1a-4881-be91-07f2381febbe,t,t,f,ella.morales34301@student.example.com,Ella,Morales,STU932918,f,f,f,f,2025-04-25 20:50:52.591,2025-04-25 20:50:52.591
814aa95f-80ef-45ca-9f40-ed633644ce10,t,t,f,grace.miller19331@student.example.com,Grace,Miller,STU743439,f,f,f,f,2025-09-18 20:50:52.591,2025-09-18 20:50:52.591
511faa44-1bcc-4e67-8e84-c9594fe6414c,t,t,f,victoria.stewart4561@student.example.com,Victoria,Stewart,STU476496,f,f,f,f,2025-03-14 20:50:52.591,2025-03-14 20:50:52.591
6faeabb0-2f5a-4790-995d-727bbac7c83b,t,t,f,aiden.parker51227@student.example.com,Aiden,Parker,STU846640,f,f,f,f,2025-03-15 20:50:52.591,2025-03-15 20:50:52.591
21fe7492-8e2f-4ac0-8ea1-4ac950e67e17,t,t,f,elijah.scott78839@student.example.com,Elijah,Scott,STU922177,f,f,f,f,2025-07-27 20:50:52.591,2025-07-27 20:50:52.591
7974c466-4573-4588-babc-16380fdea91a,t,t,f,addison.taylor74158@student.example.com,Addison,Taylor,STU881417,f,f,f,f,2025-06-25 20:50:52.591,2025-06-25 20:50:52.591
ff0278fd-a765-4d7e-9978-d69d4e1bd85c,t,t,f,theodore.nelson5589@student.example.com,Theodore,Nelson,STU860077,f,f,f,f,2025-08-05 20:50:52.591,2025-08-05 20:50:52.591
4a9d153d-0f9d-483d-90fe-f23858bf2d76,t,t,f,henry.white52413@student.example.com,Henry,White,STU906252,f,f,f,f,2025-05-08 20:50:52.591,2025-05-08 20:50:52.591
13dd768a-3842-4939-a804-9cdd7d365f96,t,t,f,aria.murphy90015@student.example.com,Aria,Murphy,STU254070,f,f,f,f,2025-02-25 20:50:52.591,2025-02-25 20:50:52.591
4aea940e-9ce2-4751-ae4f-ec8226b049bd,t,t,f,chloe.anderson39081@student.example.com,Chloe,Anderson,STU728112,f,f,f,f,2025-01-19 20:50:52.591,2025-01-19 20:50:52.591
f9b9bffb-d2b4-46fb-bd79-d2f68defdba3,t,t,f,joshua.nelson57442@student.example.com,Joshua,Nelson,STU847959,f,f,f,f,2025-06-18 20:50:52.591,2025-06-18 20:50:52.591
443535bc-9ccb-4b90-b353-4ac358844b61,t,t,f,theodore.morales87480@student.example.com,Theodore,Morales,STU329129,f,f,f,f,2025-05-08 20:50:52.591,2025-05-08 20:50:52.591
5d4dbe4d-b21d-4214-8566-8524e22d6c0c,t,t,f,owen.stewart33634@student.example.com,Owen,Stewart,STU612410,f,f,f,f,2025-08-31 20:50:52.591,2025-08-31 20:50:52.591
044dc676-d9fc-4705-bd69-2cc68db97c3a,t,t,f,natalie.stewart33963@student.example.com,Natalie,Stewart,STU144535,f,f,f,f,2025-03-12 20:50:52.591,2025-03-12 20:50:52.591
39b6ac4e-41cd-4365-a722-1990f53fa7ad,t,t,f,gabriel.phillips12628@student.example.com,Gabriel,Phillips,STU361782,f,f,f,f,2025-08-22 20:50:52.591,2025-08-22 20:50:52.591
1fbab73a-334c-4a72-acfb-20d2f6ba2579,t,t,f,isaac.cox85006@student.example.com,Isaac,Cox,STU701430,f,f,f,f,2025-04-24 20:50:52.591,2025-04-24 20:50:52.591
4a0b38ef-a7a1-49cb-ac18-2c722d003a12,t,t,f,luna.reyes69350@student.example.com,Luna,Reyes,STU267237,f,f,f,f,2025-02-17 20:50:52.591,2025-02-17 20:50:52.591
4fa9c061-d9bb-42fa-8642-75760e9c4e23,t,t,f,lucas.sanchez55822@student.example.com,Lucas,Sanchez,STU147720,f,f,f,f,2025-09-16 20:50:52.591,2025-09-16 20:50:52.591
f0674b81-cdc1-4c2e-b4d3-482991c4a0c4,t,t,f,zoe.hill9957@student.example.com,Zoe,Hill,STU298017,f,f,f,f,2025-08-13 20:50:52.591,2025-08-13 20:50:52.591
6f26645a-985c-4fad-b500-14a3e3e235ea,t,t,f,mason.smith52126@student.example.com,Mason,Smith,STU430225,f,f,f,f,2025-02-06 20:50:52.591,2025-02-06 20:50:52.591
67eb51a1-b6d1-47c5-9a4e-5d4cc90d0a27,t,t,f,logan.hernandez59326@student.example.com,Logan,Hernandez,STU265762,f,f,f,f,2024-10-27 20:50:52.591,2024-10-27 20:50:52.591
122ff0e0-4c63-429c-b321-b867d28c58ea,t,t,f,harper.anderson78612@student.example.com,Harper,Anderson,STU912479,f,f,f,f,2024-11-30 20:50:52.591,2024-11-30 20:50:52.591
79368387-9c41-47e3-a2e3-1f4a3100405b,t,t,f,lily.reyes89005@student.example.com,Lily,Reyes,STU943718,f,f,f,f,2025-07-21 20:50:52.591,2025-07-21 20:50:52.591
5afa487b-9ef4-4ff5-986e-be806ed26a6d,t,t,f,zoey.morales47933@student.example.com,Zoey,Morales,STU268966,f,f,f,f,2025-04-10 20:50:52.591,2025-04-10 20:50:52.591
aa1bad0e-6034-42e7-b112-4f7182723de5,t,t,f,mateo.peterson45953@student.example.com,Mateo,Peterson,STU397122,f,f,f,f,2025-08-23 20:50:52.591,2025-08-23 20:50:52.591
489e7093-851b-463e-9db5-21a3db5324b6,t,t,f,benjamin.lee35468@student.example.com,Benjamin,Lee,STU575728,f,f,f,f,2025-01-09 20:50:52.591,2025-01-09 20:50:52.591
d86b9c32-6753-4edf-b7eb-2a878446422a,t,t,f,david.perez48038@student.example.com,David,Perez,STU373330,f,f,f,f,2024-11-07 20:50:52.591,2024-11-07 20:50:52.591
24691a67-a464-423a-934f-cec30c809825,t,t,f,zoey.scott36718@student.example.com,Zoey,Scott,STU849962,f,f,f,f,2025-06-23 20:50:52.591,2025-06-23 20:50:52.591
6fc80e93-0509-430f-ba60-485ee67cab58,t,t,f,luna.king6821@student.example.com,Luna,King,STU939241,f,f,f,f,2025-05-21 20:50:52.591,2025-05-21 20:50:52.591
2da25225-9689-4d5d-9447-61be40331f3c,t,t,f,liam.lewis4941@student.example.com,Liam,Lewis,STU380754,f,f,f,f,2024-12-12 20:50:52.591,2024-12-12 20:50:52.591
1a5183f2-271f-40bb-9b14-a6bae9212c69,t,t,f,owen.williams92612@student.example.com,Owen,Williams,STU579741,f,f,f,f,2024-10-25 20:50:52.591,2024-10-25 20:50:52.591
a8908794-54cc-475c-b45e-5f071cef72f0,t,t,f,zoe.rogers83201@student.example.com,Zoe,Rogers,STU618065,f,f,f,f,2025-05-20 20:50:52.591,2025-05-20 20:50:52.591
84ea8f75-3259-4dd6-a490-a17b942d36d3,t,t,f,nathan.young33198@student.example.com,Nathan,Young,STU525207,f,f,f,f,2024-12-24 20:50:52.591,2024-12-24 20:50:52.591
573531ab-8a2f-4ab9-a74f-1f26434b2a5b,t,t,f,riley.jackson65799@student.example.com,Riley,Jackson,STU495123,f,f,f,f,2025-04-12 20:50:52.591,2025-04-12 20:50:52.591
dc0446e5-ca0d-4392-84a7-8abbcefa1451,t,t,f,theodore.jones37223@student.example.com,Theodore,Jones,STU406188,f,f,f,f,2025-01-26 20:50:52.591,2025-01-26 20:50:52.591
9ef9c1fd-032f-498e-9606-b0083bee4c46,t,t,f,hannah.anderson78613@student.example.com,Hannah,Anderson,STU860757,f,f,f,f,2025-01-15 20:50:52.591,2025-01-15 20:50:52.591
1a653e89-77ed-458c-ac18-2d9e504c3c51,t,t,f,jaxon.gonzalez94691@student.example.com,Jaxon,Gonzalez,STU307064,f,f,f,f,2025-05-18 20:50:52.591,2025-05-18 20:50:52.591
3a51633e-2d97-4a37-a750-2ffcaff558fe,t,t,f,sophia.evans83947@student.example.com,Sophia,Evans,STU481404,f,f,f,f,2024-11-09 20:50:52.591,2024-11-09 20:50:52.591
87e3a00a-03e4-4b40-b3b9-0a2c6c9779f3,t,t,f,zoey.rogers23997@student.example.com,Zoey,Rogers,STU702960,f,f,f,f,2025-04-17 20:50:52.591,2025-04-17 20:50:52.591
8aad253d-e9de-4728-8beb-bb44eb00ce4b,t,t,f,penelope.morris91321@student.example.com,Penelope,Morris,STU697380,f,f,f,f,2025-03-15 20:50:52.591,2025-03-15 20:50:52.591
93353355-d152-4b25-9c56-14f0cf417bbd,t,t,f,emily.wright84649@student.example.com,Emily,Wright,STU679354,f,f,f,f,2025-04-06 20:50:52.591,2025-04-06 20:50:52.591
2805f305-8bf0-447a-a517-13ed5ecd6662,t,t,f,elijah.harris45556@student.example.com,Elijah,Harris,STU237340,f,f,f,f,2024-11-22 20:50:52.591,2024-11-22 20:50:52.591
a07cec48-4f36-42b7-bd4b-e3b1f12597dc,t,t,f,caleb.lee10790@student.example.com,Caleb,Lee,STU727407,f,f,f,f,2025-07-13 20:50:52.591,2025-07-13 20:50:52.591
5b380d9f-f28a-447d-b15a-d26fef5b7bf1,t,t,f,zoe.clark7058@student.example.com,Zoe,Clark,STU732259,f,f,f,f,2024-11-13 20:50:52.591,2024-11-13 20:50:52.591
41706a61-e5d3-4db5-8ce1-9ff6e5035469,t,t,f,olivia.thomas86652@student.example.com,Olivia,Thomas,STU432647,f,f,f,f,2024-12-31 20:50:52.591,2024-12-31 20:50:52.591
9165084c-36b4-4576-9743-ff51c2c9c8ae,t,t,f,penelope.flores21422@student.example.com,Penelope,Flores,STU598382,f,f,f,f,2025-06-26 20:50:52.591,2025-06-26 20:50:52.591
9a181ebc-63b3-4183-a338-40e1b5560265,t,t,f,william.nelson32801@student.example.com,William,Nelson,STU199968,f,f,f,f,2025-02-19 20:50:52.591,2025-02-19 20:50:52.591
3a932aff-8acb-4dcc-8472-72fdf6f7a37f,t,t,f,scarlett.lewis64482@student.example.com,Scarlett,Lewis,STU854873,f,f,f,f,2025-05-18 20:50:52.591,2025-05-18 20:50:52.591
4228db75-ac42-444c-a5b7-1e37c39da507,t,t,f,sofia.martin72342@student.example.com,Sofia,Martin,STU201802,f,f,f,f,2025-06-01 20:50:52.591,2025-06-01 20:50:52.591
36152e64-2d44-4bc1-a999-d50031a4d6b1,t,t,f,scarlett.peterson47321@student.example.com,Scarlett,Peterson,STU598381,f,f,f,f,2025-02-23 20:50:52.591,2025-02-23 20:50:52.591
0b27c256-e0ce-4254-bbcc-39c11159d97a,t,t,f,natalie.ramirez13661@student.example.com,Natalie,Ramirez,STU437320,f,f,f,f,2025-02-09 20:50:52.591,2025-02-09 20:50:52.591
b7a8aab1-70ce-4806-8e2c-ac1b46ec62c1,t,t,f,olivia.lee38653@student.example.com,Olivia,Lee,STU882395,f,f,f,f,2025-09-09 20:50:52.591,2025-09-09 20:50:52.591
9ceecbef-f297-4c2e-b76b-a4c7fe693821,t,t,f,amelia.green80778@student.example.com,Amelia,Green,STU558452,f,f,f,f,2024-12-08 20:50:52.591,2024-12-08 20:50:52.591
76d97d6c-923d-4ec9-9ca0-492361d316b0,t,t,f,zoe.perez46748@student.example.com,Zoe,Perez,STU804540,f,f,f,f,2024-11-11 20:50:52.591,2024-11-11 20:50:52.591
ef1cb41a-ffcc-46fd-ba5a-df7ad08f08a5,t,t,f,ellie.edwards38199@student.example.com,Ellie,Edwards,STU908704,f,f,f,f,2025-02-11 20:50:52.591,2025-02-11 20:50:52.591
81f7ca84-9775-430e-9178-ae276192e7bd,t,t,f,emily.evans33645@student.example.com,Emily,Evans,STU898347,f,f,f,f,2024-11-17 20:50:52.591,2024-11-17 20:50:52.591
552e2605-7992-4564-8670-7470dd2c1d1f,t,t,f,nora.harris41441@student.example.com,Nora,Harris,STU856080,f,f,f,f,2025-01-15 20:50:52.591,2025-01-15 20:50:52.591
6e04d01e-da29-4c0d-91ff-e96abd7b254b,t,t,f,hannah.perez48409@student.example.com,Hannah,Perez,STU570787,f,f,f,f,2025-01-25 20:50:52.591,2025-01-25 20:50:52.591
d29d5ce4-59ad-48ea-8ba8-ca8f8c43a1c9,t,t,f,isaiah.ward26513@student.example.com,Isaiah,Ward,STU307539,f,f,f,f,2024-10-30 20:50:52.591,2024-10-30 20:50:52.591
914cf2ce-640a-453c-9c78-4a970b7b6ab7,t,t,f,mia.howard52284@student.example.com,Mia,Howard,STU177929,f,f,f,f,2025-07-28 20:50:52.591,2025-07-28 20:50:52.591
7692b266-da39-4ba3-b409-6c685cc5122a,t,t,f,emily.roberts92910@student.example.com,Emily,Roberts,STU982376,f,f,f,f,2025-07-04 20:50:52.591,2025-07-04 20:50:52.591
9445e842-c70f-432c-817e-370f8f19e272,t,t,f,asher.king18858@student.example.com,Asher,King,STU192449,f,f,f,f,2025-04-16 20:50:52.591,2025-04-16 20:50:52.591
5206faed-e3f5-4aa8-b300-e23afc6573ff,t,t,f,camila.lopez43344@student.example.com,Camila,Lopez,STU508952,f,f,f,f,2025-01-13 20:50:52.591,2025-01-13 20:50:52.591
b9ef575f-8f49-41ea-90c6-1b50828f1c59,t,t,f,mateo.cook20995@student.example.com,Mateo,Cook,STU610233,f,f,f,f,2025-05-10 20:50:52.591,2025-05-10 20:50:52.591
d1e0abf0-0c77-4da3-b49e-8ea089d9e782,t,t,f,isabella.brown69696@student.example.com,Isabella,Brown,STU918115,f,f,f,f,2025-06-20 20:50:52.591,2025-06-20 20:50:52.591
a8f1fc07-e198-4fe8-807e-c4a096d96b3d,t,t,f,jackson.green14412@student.example.com,Jackson,Green,STU536613,f,f,f,f,2025-04-27 20:50:52.591,2025-04-27 20:50:52.591
69f4d1ed-1830-48dc-bb32-e7e50ec72d60,t,t,f,gabriel.rogers79758@student.example.com,Gabriel,Rogers,STU368563,f,f,f,f,2024-12-02 20:50:52.591,2024-12-02 20:50:52.591
429b6372-d498-4d5c-9ca6-920f43329d34,t,t,f,victoria.ramos38019@student.example.com,Victoria,Ramos,STU167593,f,f,f,f,2025-09-17 20:50:52.591,2025-09-17 20:50:52.591
d81a5d29-38b7-4538-b2f3-01c02c7020fe,t,t,f,ellie.cruz25393@student.example.com,Ellie,Cruz,STU913183,f,f,f,f,2025-09-20 20:50:52.591,2025-09-20 20:50:52.591
c82d318c-6840-484b-bee1-fad99dcb4c4f,t,t,f,camila.young97122@student.example.com,Camila,Young,STU913118,f,f,f,f,2025-07-18 20:50:52.591,2025-07-18 20:50:52.591
629dfa2b-d4b6-44f1-97de-c7233201ba2a,t,t,f,mila.rogers79839@student.example.com,Mila,Rogers,STU272389,f,f,f,f,2025-07-13 20:50:52.591,2025-07-13 20:50:52.591
b083c6ac-361a-411d-872d-48a650ead677,t,t,f,ellie.diaz95984@student.example.com,Ellie,Diaz,STU354226,f,f,f,f,2025-01-27 20:50:52.591,2025-01-27 20:50:52.591
cb1b757e-1d76-41b7-bcd6-509093d294ee,t,t,f,theodore.collins79218@student.example.com,Theodore,Collins,STU388523,f,f,f,f,2025-07-03 20:50:52.591,2025-07-03 20:50:52.591
f4840844-8939-47be-8313-1348f2779e83,t,t,f,avery.anderson86469@student.example.com,Avery,Anderson,STU763644,f,f,f,f,2025-01-09 20:50:52.591,2025-01-09 20:50:52.591
e745a36c-6479-4571-be43-3a56d3741a72,t,t,f,elizabeth.lewis40292@student.example.com,Elizabeth,Lewis,STU1169,f,f,f,f,2025-06-04 20:50:52.591,2025-06-04 20:50:52.591
3154d29c-cf52-48f5-93e5-9b15e0a35ecf,t,t,f,benjamin.lee24285@student.example.com,Benjamin,Lee,STU825111,f,f,f,f,2025-05-12 20:50:52.591,2025-05-12 20:50:52.591
65ea85a0-c407-4975-85f0-51ee9ab080eb,t,t,f,nora.cook66403@student.example.com,Nora,Cook,STU658389,f,f,f,f,2025-07-24 20:50:52.591,2025-07-24 20:50:52.591
27debf66-a5eb-4b15-a819-5c5fa14e0b65,t,t,f,addison.parker81898@student.example.com,Addison,Parker,STU182675,f,f,f,f,2025-09-21 20:50:52.591,2025-09-21 20:50:52.591
98cef718-594c-4fc8-8caa-695014a89802,t,t,f,asher.perez91620@student.example.com,Asher,Perez,STU899300,f,f,f,f,2024-12-08 20:50:52.591,2024-12-08 20:50:52.591
4d3b552b-c8b4-45b4-9463-0d8062da03d5,t,t,f,william.mitchell68204@student.example.com,William,Mitchell,STU461392,f,f,f,f,2025-02-21 20:50:52.591,2025-02-21 20:50:52.591
18017b72-2279-4eb6-a691-8ed8a32cd67c,t,t,f,jackson.rivera52698@student.example.com,Jackson,Rivera,STU167684,f,f,f,f,2025-05-09 20:50:52.591,2025-05-09 20:50:52.591
d1ca4504-3d4e-4f85-be77-861b30068fba,t,t,f,ryan.ramos65971@student.example.com,Ryan,Ramos,STU509051,f,f,f,f,2025-05-24 20:50:52.591,2025-05-24 20:50:52.591
c71102e8-6e0a-40df-968a-b038f3f10ce3,t,t,f,mia.miller33332@student.example.com,Mia,Miller,STU430083,f,f,f,f,2025-03-04 20:50:52.591,2025-03-04 20:50:52.591
78f3deba-c50b-489f-b652-8e60c25dcdcf,t,t,f,jaxon.turner30995@student.example.com,Jaxon,Turner,STU130732,f,f,f,f,2024-11-12 20:50:52.591,2024-11-12 20:50:52.591
d9e01b11-513e-4f4a-9203-63e6e0f12d6c,t,t,f,aria.harris9847@student.example.com,Aria,Harris,STU268899,f,f,f,f,2025-03-18 20:50:52.591,2025-03-18 20:50:52.591
23b9ce00-6c6d-401a-9150-dc113ff3c833,t,t,f,mateo.rodriguez37277@student.example.com,Mateo,Rodriguez,STU877402,f,f,f,f,2025-06-24 20:50:52.591,2025-06-24 20:50:52.591
22305168-9c51-42f4-a5f4-eb3f48951cae,t,t,f,ethan.thompson5981@student.example.com,Ethan,Thompson,STU720630,f,f,f,f,2025-05-09 20:50:52.591,2025-05-09 20:50:52.591
637ceccd-a9b3-4260-b2dd-3e003bb48948,t,t,f,scarlett.allen77279@student.example.com,Scarlett,Allen,STU687665,f,f,f,f,2024-12-13 20:50:52.591,2024-12-13 20:50:52.591
0f9b1f0f-2ac6-4265-8a41-03aa57fe3a5f,t,t,f,julian.king680@student.example.com,Julian,King,STU274055,f,f,f,f,2025-03-22 20:50:52.591,2025-03-22 20:50:52.591
57e81323-34db-43b0-bad8-7593469a8259,t,t,f,wyatt.martinez75385@student.example.com,Wyatt,Martinez,STU680419,f,f,f,f,2025-03-04 20:50:52.591,2025-03-04 20:50:52.591
f3126a03-1582-412b-ab06-6de6ec6f8b27,t,t,f,joshua.evans90739@student.example.com,Joshua,Evans,STU358795,f,f,f,f,2025-09-21 20:50:52.591,2025-09-21 20:50:52.591
664dea4c-0cf9-4ac1-848f-1cf54bd13d37,t,t,f,aubrey.parker45292@student.example.com,Aubrey,Parker,STU581499,f,f,f,f,2025-05-14 20:50:52.591,2025-05-14 20:50:52.591
549b1124-6bf8-468e-a495-15cd5e3621d4,t,t,f,ella.thomas1105@student.example.com,Ella,Thomas,STU345796,f,f,f,f,2025-03-27 20:50:52.591,2025-03-27 20:50:52.591
65dc28cd-bdb8-40a3-be70-2cea5fbc058a,t,t,f,elizabeth.reyes47694@student.example.com,Elizabeth,Reyes,STU331204,f,f,f,f,2025-07-06 20:50:52.592,2025-07-06 20:50:52.592
c716f12f-c8d2-4309-b9cd-d1591bf002e7,t,t,f,sebastian.robinson65703@student.example.com,Sebastian,Robinson,STU476034,f,f,f,f,2025-07-27 20:50:52.592,2025-07-27 20:50:52.592
1aaf1b72-52bb-4214-8f5f-777bf795eab8,t,t,f,logan.allen64037@student.example.com,Logan,Allen,STU464123,f,f,f,f,2025-02-21 20:50:52.592,2025-02-21 20:50:52.592
c81fcc7e-9a5a-4cf4-aae6-65be7205b6e6,t,t,f,chloe.kim51411@student.example.com,Chloe,Kim,STU244496,f,f,f,f,2025-01-15 20:50:52.592,2025-01-15 20:50:52.592
e94d97c7-e296-4cab-b4a7-a1e33d3ad8c5,t,t,f,mason.nguyen35029@student.example.com,Mason,Nguyen,STU805789,f,f,f,f,2025-05-16 20:50:52.592,2025-05-16 20:50:52.592
b38a0c7e-5fe2-4783-9bbd-cef0bda353c8,t,t,f,david.martin33257@student.example.com,David,Martin,STU213463,f,f,f,f,2025-04-13 20:50:52.592,2025-04-13 20:50:52.592
46944f0a-64a2-4d0a-a970-3f2b2a198a69,t,t,f,mila.ramos1473@student.example.com,Mila,Ramos,STU630207,f,f,f,f,2025-09-02 20:50:52.592,2025-09-02 20:50:52.592
cea8ec46-a648-44d5-9e4b-efd6b8dad213,t,t,f,gabriel.carter17382@student.example.com,Gabriel,Carter,STU228551,f,f,f,f,2025-06-06 20:50:52.592,2025-06-06 20:50:52.592
613f4396-31d3-46be-839a-fcf11a9f1cb2,t,t,f,avery.phillips45897@student.example.com,Avery,Phillips,STU397902,f,f,f,f,2025-06-04 20:50:52.592,2025-06-04 20:50:52.592
fcbb5ec6-7e93-483a-b3cc-a596183602eb,t,t,f,nathan.gonzalez76903@student.example.com,Nathan,Gonzalez,STU524647,f,f,f,f,2025-04-12 20:50:52.592,2025-04-12 20:50:52.592
547b9c02-1344-4c4a-809e-455bfe1104b4,t,t,f,mason.edwards92802@student.example.com,Mason,Edwards,STU531543,f,f,f,f,2025-03-18 20:50:52.592,2025-03-18 20:50:52.592
32d7ee84-5c56-4e10-ae82-a11e5af5e64f,t,t,f,eleanor.diaz98887@student.example.com,Eleanor,Diaz,STU658071,f,f,f,f,2025-04-23 20:50:52.592,2025-04-23 20:50:52.592
3fc7fe2d-81d4-4d7c-a781-95117c0fde41,t,t,f,emma.roberts29411@student.example.com,Emma,Roberts,STU653244,f,f,f,f,2024-12-25 20:50:52.592,2024-12-25 20:50:52.592
0c95b2ce-0cba-4161-b65e-4547f7c94f0a,t,t,f,ryan.richardson92463@student.example.com,Ryan,Richardson,STU711765,f,f,f,f,2025-04-29 20:50:52.592,2025-04-29 20:50:52.592
528c9826-11c4-4820-bc01-32864bcf5237,t,t,f,grace.walker65268@student.example.com,Grace,Walker,STU354531,f,f,f,f,2025-08-20 20:50:52.592,2025-08-20 20:50:52.592
9a7a9eff-5f6f-4171-84bc-7c402e0cbc78,t,t,f,aiden.turner60117@student.example.com,Aiden,Turner,STU887504,f,f,f,f,2025-09-05 20:50:52.592,2025-09-05 20:50:52.592
246c205a-2b13-4334-9044-2579fdb2e891,t,t,f,olivia.ramirez32610@student.example.com,Olivia,Ramirez,STU989076,f,f,f,f,2025-05-11 20:50:52.592,2025-05-11 20:50:52.592
6da28f0b-0b6d-4cc8-a9a3-43309711345c,t,t,f,abigail.allen12277@student.example.com,Abigail,Allen,STU313731,f,f,f,f,2025-02-02 20:50:52.592,2025-02-02 20:50:52.592
f0274834-2563-4b20-af0c-623a249dd226,t,t,f,mason.stewart14256@student.example.com,Mason,Stewart,STU541650,f,f,f,f,2025-04-13 20:50:52.592,2025-04-13 20:50:52.592
3c64a31d-8fb1-4cd6-b47a-2054e588406c,t,t,f,isabella.flores43099@student.example.com,Isabella,Flores,STU942227,f,f,f,f,2025-03-28 20:50:52.592,2025-03-28 20:50:52.592
71da92cb-8192-40c9-b9be-4e9134287a30,t,t,f,luke.gonzalez7817@student.example.com,Luke,Gonzalez,STU233254,f,f,f,f,2024-12-03 20:50:52.592,2024-12-03 20:50:52.592
04332e1a-b18e-4425-9fe1-c19e583444bc,t,t,f,stella.roberts44@student.example.com,Stella,Roberts,STU670166,f,f,f,f,2025-06-07 20:50:52.592,2025-06-07 20:50:52.592
b66b1711-0968-4b10-a88f-3b21febc2008,t,t,f,david.edwards78587@student.example.com,David,Edwards,STU379001,f,f,f,f,2024-11-03 20:50:52.592,2024-11-03 20:50:52.592
0d0de822-ce76-4a14-a061-70c023f2ae29,t,t,f,nathan.ramos59117@student.example.com,Nathan,Ramos,STU113530,f,f,f,f,2025-04-10 20:50:52.592,2025-04-10 20:50:52.592
9403b3d9-2701-43aa-b620-054c1ed9eb13,t,t,f,emily.clark92279@student.example.com,Emily,Clark,STU595670,f,f,f,f,2025-03-26 20:50:52.592,2025-03-26 20:50:52.592
8fea9e7c-304f-4e60-8f4f-5723b35d03c7,t,t,f,william.williams51595@student.example.com,William,Williams,STU519853,f,f,f,f,2025-06-30 20:50:52.592,2025-06-30 20:50:52.592
c1c3138a-a1d8-4dfe-acb8-5d2c49d372c6,t,t,f,abigail.morgan8276@student.example.com,Abigail,Morgan,STU514378,f,f,f,f,2025-03-31 20:50:52.592,2025-03-31 20:50:52.592
6af5d09d-8143-414e-87e8-80ffce11928a,t,t,f,carter.campbell65554@student.example.com,Carter,Campbell,STU976610,f,f,f,f,2024-11-03 20:50:52.592,2024-11-03 20:50:52.592
08ea419a-6393-49a4-9b6c-f041bb48b7e4,t,t,f,addison.jackson6139@student.example.com,Addison,Jackson,STU683838,f,f,f,f,2025-03-08 20:50:52.592,2025-03-08 20:50:52.592
74463464-2081-485f-beae-8c8b05bb1838,t,t,f,zoey.roberts83076@student.example.com,Zoey,Roberts,STU519465,f,f,f,f,2025-07-11 20:50:52.592,2025-07-11 20:50:52.592
e56e4a66-5f96-4e55-ae40-ac9850313f1c,t,t,f,nora.gutierrez71464@student.example.com,Nora,Gutierrez,STU761330,f,f,f,f,2025-01-24 20:50:52.592,2025-01-24 20:50:52.592
de77e248-bed7-43ca-b0db-47ce9f688338,t,t,f,lincoln.gomez43790@student.example.com,Lincoln,Gomez,STU356990,f,f,f,f,2024-12-31 20:50:52.592,2024-12-31 20:50:52.592
59a0b517-cb03-4726-9fc7-36b5661361ec,t,t,f,henry.stewart58698@student.example.com,Henry,Stewart,STU266744,f,f,f,f,2025-05-30 20:50:52.592,2025-05-30 20:50:52.592
76d8f108-7e8e-41e9-b47d-9daa3508f3e4,t,t,f,joshua.ramos10296@student.example.com,Joshua,Ramos,STU957427,f,f,f,f,2024-12-05 20:50:52.592,2024-12-05 20:50:52.592
a359ecdf-aa07-4669-b31a-14b281e9ecf9,t,t,f,olivia.adams14937@student.example.com,Olivia,Adams,STU281460,f,f,f,f,2025-07-11 20:50:52.592,2025-07-11 20:50:52.592
6becd6dd-2124-457c-a71e-3891c0b09438,t,t,f,william.carter71281@student.example.com,William,Carter,STU112901,f,f,f,f,2025-09-05 20:50:52.592,2025-09-05 20:50:52.592
432f1529-610f-4c32-ad89-47d84b2659b0,t,t,f,ella.martin77796@student.example.com,Ella,Martin,STU801499,f,f,f,f,2024-11-02 20:50:52.592,2024-11-02 20:50:52.592
6aaa9103-b655-42dc-a7f1-433c8d546011,t,t,f,emily.gonzalez31125@student.example.com,Emily,Gonzalez,STU252444,f,f,f,f,2025-06-20 20:50:52.592,2025-06-20 20:50:52.592
50d71e00-ef47-48db-93ff-78c9fa0a75db,t,t,f,maverick.sanchez67972@student.example.com,Maverick,Sanchez,STU262039,f,f,f,f,2025-02-10 20:50:52.592,2025-02-10 20:50:52.592
e68d1ab4-7a92-42b3-8e3a-1e76db7bb501,t,t,f,lily.miller83771@student.example.com,Lily,Miller,STU920419,f,f,f,f,2025-08-01 20:50:52.592,2025-08-01 20:50:52.592
79c552ba-bf81-4c1e-bf38-a4efb239268c,t,t,f,charlotte.reyes62151@student.example.com,Charlotte,Reyes,STU822555,f,f,f,f,2025-01-14 20:50:52.592,2025-01-14 20:50:52.592
8451afba-f643-458d-b7be-8c8b73f23109,t,t,f,camila.adams6174@student.example.com,Camila,Adams,STU479466,f,f,f,f,2025-06-21 20:50:52.592,2025-06-21 20:50:52.592
d6026dd8-260b-4b75-a893-01beed5d616c,t,t,f,mila.cox44336@student.example.com,Mila,Cox,STU818613,f,f,f,f,2025-06-19 20:50:52.592,2025-06-19 20:50:52.592
83569f43-15f5-4049-8408-907f6aa26113,t,t,f,wyatt.carter75445@student.example.com,Wyatt,Carter,STU157554,f,f,f,f,2025-07-10 20:50:52.592,2025-07-10 20:50:52.592
12e36487-78bf-4d5d-8412-3d23d0c6714d,t,t,f,mia.smith58012@student.example.com,Mia,Smith,STU710254,f,f,f,f,2025-02-06 20:50:52.592,2025-02-06 20:50:52.592
f9f423b9-e0b6-4663-8130-24378796e4d2,t,t,f,henry.martin89927@student.example.com,Henry,Martin,STU133685,f,f,f,f,2025-03-01 20:50:52.592,2025-03-01 20:50:52.592
ed40a959-b100-4572-952d-e790cb4dceb9,t,t,f,jayden.johnson50211@student.example.com,Jayden,Johnson,STU758229,f,f,f,f,2025-08-21 20:50:52.592,2025-08-21 20:50:52.592
f944051b-7409-4aa4-82b8-06e6b2698eb9,t,t,f,layla.miller81365@student.example.com,Layla,Miller,STU271290,f,f,f,f,2024-11-02 20:50:52.592,2024-11-02 20:50:52.592
93773af6-d7dc-4ee7-866c-25220fb8151e,t,t,f,chloe.richardson63750@student.example.com,Chloe,Richardson,STU351711,f,f,f,f,2025-09-23 20:50:52.592,2025-09-23 20:50:52.592
922b0e7b-25a0-41a8-be52-97ae72c7af0f,t,t,f,logan.king65118@student.example.com,Logan,King,STU803211,f,f,f,f,2025-03-16 20:50:52.592,2025-03-16 20:50:52.592
3025ba64-03c0-4d4d-ba58-217566f05a5d,t,t,f,zoey.adams8867@student.example.com,Zoey,Adams,STU462254,f,f,f,f,2024-11-03 20:50:52.592,2024-11-03 20:50:52.592
159c3d5e-2d17-4685-a375-6531b99c5510,t,t,f,aiden.cruz74978@student.example.com,Aiden,Cruz,STU179558,f,f,f,f,2025-08-02 20:50:52.592,2025-08-02 20:50:52.592
b8daf341-12c6-4ddb-bbd6-d11ed1ae7acc,t,t,f,sebastian.kelly25129@student.example.com,Sebastian,Kelly,STU151031,f,f,f,f,2024-11-09 20:50:52.592,2024-11-09 20:50:52.592
90524438-9cd9-4a44-b473-14dfa8077fa5,t,t,f,olivia.gonzalez92597@student.example.com,Olivia,Gonzalez,STU998927,f,f,f,f,2025-05-20 20:50:52.592,2025-05-20 20:50:52.592
3b192367-e559-48df-89ab-c2b8780d4d52,t,t,f,benjamin.collins80167@student.example.com,Benjamin,Collins,STU295499,f,f,f,f,2025-08-07 20:50:52.592,2025-08-07 20:50:52.592
6fa378aa-be82-4b7d-bb09-ee0d41745ef9,t,t,f,layla.thompson96145@student.example.com,Layla,Thompson,STU241330,f,f,f,f,2025-05-31 20:50:52.592,2025-05-31 20:50:52.592
75d1ed80-7ba8-4d06-aa01-f2205c628e4a,t,t,f,david.martinez35401@student.example.com,David,Martinez,STU618185,f,f,f,f,2025-06-01 20:50:52.592,2025-06-01 20:50:52.592
7fe4e6eb-dd6c-4d19-a208-44078d8778a3,t,t,f,james.scott5609@student.example.com,James,Scott,STU827570,f,f,f,f,2025-05-14 20:50:52.592,2025-05-14 20:50:52.592
1a99c1fd-e46a-4ba2-956e-296941a6eef4,t,t,f,carter.brown94762@student.example.com,Carter,Brown,STU106362,f,f,f,f,2025-02-19 20:50:52.592,2025-02-19 20:50:52.592
a8bc80ca-b7a6-477e-8531-adc7c83d142f,t,t,f,camila.perez95651@student.example.com,Camila,Perez,STU803781,f,f,f,f,2024-11-05 20:50:52.592,2024-11-05 20:50:52.592
2a61ecea-b697-45b0-bd3d-bdbb92036998,t,t,f,aria.murphy50815@student.example.com,Aria,Murphy,STU639657,f,f,f,f,2024-10-30 20:50:52.592,2024-10-30 20:50:52.592
b3e99333-dc05-4464-846e-d7bbfd529fdb,t,t,f,caleb.jackson28164@student.example.com,Caleb,Jackson,STU838854,f,f,f,f,2024-12-07 20:50:52.592,2024-12-07 20:50:52.592
c09de4f7-11d7-43ab-9beb-925294545beb,t,t,f,riley.reyes50267@student.example.com,Riley,Reyes,STU620110,f,f,f,f,2025-05-17 20:50:52.592,2025-05-17 20:50:52.592
da69de1b-e147-4b5f-b68e-694689a18c9d,t,t,f,noah.roberts25641@student.example.com,Noah,Roberts,STU421390,f,f,f,f,2024-12-31 20:50:52.592,2024-12-31 20:50:52.592
03c49ac7-69a3-40cd-9d9a-2fbf63ead44a,t,t,f,theodore.allen54439@student.example.com,Theodore,Allen,STU276884,f,f,f,f,2025-05-15 20:50:52.592,2025-05-15 20:50:52.592
476d47ff-68dc-4539-8506-ede77a5c754d,t,t,f,mateo.young36696@student.example.com,Mateo,Young,STU488581,f,f,f,f,2025-04-02 20:50:52.592,2025-04-02 20:50:52.592
d2526e93-4599-4502-9e13-9a46eb117a95,t,t,f,isaiah.allen92576@student.example.com,Isaiah,Allen,STU572167,f,f,f,f,2024-11-27 20:50:52.592,2024-11-27 20:50:52.592
f16b509a-4046-4f3d-8711-fe97b3cf3b99,t,t,f,theodore.reed81809@student.example.com,Theodore,Reed,STU692555,f,f,f,f,2025-04-23 20:50:52.592,2025-04-23 20:50:52.592
d591624e-24b1-45f2-aad3-cbf8020ec8c4,t,t,f,david.morales45359@student.example.com,David,Morales,STU367400,f,f,f,f,2025-08-24 20:50:52.592,2025-08-24 20:50:52.592
e3ffa63e-73d3-4d50-85e0-eddfb78294cf,t,t,f,lily.torres36840@student.example.com,Lily,Torres,STU628308,f,f,f,f,2025-06-01 20:50:52.592,2025-06-01 20:50:52.592
ffab7249-ad83-424a-b7f1-152dddf05449,t,t,f,camila.garcia24642@student.example.com,Camila,Garcia,STU573118,f,f,f,f,2025-03-02 20:50:52.592,2025-03-02 20:50:52.592
028cde8d-4f12-48ad-9329-ffbcaae20546,t,t,f,levi.martinez57716@student.example.com,Levi,Martinez,STU511064,f,f,f,f,2025-06-17 20:50:52.592,2025-06-17 20:50:52.592
e165f0b1-c04e-4325-8799-4fa461124286,t,t,f,isaac.carter91451@student.example.com,Isaac,Carter,STU689987,f,f,f,f,2025-03-27 20:50:52.592,2025-03-27 20:50:52.592
565b2b2d-cc47-4f95-9d37-43f24bfd8ca4,t,t,f,henry.murphy47530@student.example.com,Henry,Murphy,STU468088,f,f,f,f,2025-01-19 20:50:52.592,2025-01-19 20:50:52.592
dbc89fb5-8596-4808-813e-abfac93375aa,t,t,f,lincoln.cook931@student.example.com,Lincoln,Cook,STU363687,f,f,f,f,2025-05-19 20:50:52.592,2025-05-19 20:50:52.592
7cbc76ef-2004-4741-b45c-8bf851b9b7e7,t,t,f,levi.morales39679@student.example.com,Levi,Morales,STU311819,f,f,f,f,2025-09-05 20:50:52.592,2025-09-05 20:50:52.592
e3edcb23-89d2-4c8b-85c7-0cfcc2e60261,t,t,f,asher.morgan70353@student.example.com,Asher,Morgan,STU591478,f,f,f,f,2025-09-21 20:50:52.592,2025-09-21 20:50:52.592
6c2049c5-199d-4345-b9b0-f81f4fa4e3ba,t,t,f,victoria.reed30196@student.example.com,Victoria,Reed,STU250784,f,f,f,f,2025-08-23 20:50:52.592,2025-08-23 20:50:52.592
d3478960-ecea-463e-aefe-bf131ce78ed7,t,t,f,amelia.hill13004@student.example.com,Amelia,Hill,STU648888,f,f,f,f,2024-11-30 20:50:52.592,2024-11-30 20:50:52.592
c5cb6cca-4398-4b1d-9532-bc25434e887c,t,t,f,henry.roberts31976@student.example.com,Henry,Roberts,STU816492,f,f,f,f,2025-03-09 20:50:52.592,2025-03-09 20:50:52.592
5a162bde-215c-467c-baec-277054e6a541,t,t,f,william.parker51743@student.example.com,William,Parker,STU675515,f,f,f,f,2024-11-21 20:50:52.592,2024-11-21 20:50:52.592
15e93f4a-7550-498b-8d34-2300799f1cb9,t,t,f,logan.jackson23144@student.example.com,Logan,Jackson,STU495919,f,f,f,f,2024-11-29 20:50:52.592,2024-11-29 20:50:52.592
2f569f10-bd66-4606-8559-7f6ae43c1d70,t,t,f,eleanor.torres87979@student.example.com,Eleanor,Torres,STU570113,f,f,f,f,2025-01-31 20:50:52.592,2025-01-31 20:50:52.592
813d4384-aa4f-40ce-9a4c-2daf7d54d57f,t,t,f,lucas.perez14783@student.example.com,Lucas,Perez,STU646959,f,f,f,f,2025-07-24 20:50:52.592,2025-07-24 20:50:52.592
1cf56e58-ce37-43a4-b1b3-a0eb8b2e76c6,t,t,f,maverick.baker11346@student.example.com,Maverick,Baker,STU798526,f,f,f,f,2025-06-23 20:50:52.592,2025-06-23 20:50:52.592
9501fa23-5239-49e1-a331-75d3653d990c,t,t,f,charlotte.cook64752@student.example.com,Charlotte,Cook,STU310978,f,f,f,f,2025-07-06 20:50:52.592,2025-07-06 20:50:52.592
2893050e-7575-4135-98d1-4608f04cbe06,t,t,f,camila.hill77396@student.example.com,Camila,Hill,STU427425,f,f,f,f,2025-06-14 20:50:52.592,2025-06-14 20:50:52.592
e8d6997c-6b77-4731-9759-9725a2e2f7b8,t,t,f,jaxon.johnson958@student.example.com,Jaxon,Johnson,STU893600,f,f,f,f,2025-05-20 20:50:52.592,2025-05-20 20:50:52.592
f889cfbe-ea8b-4def-84a1-4e5d62044302,t,t,f,gabriel.ward4124@student.example.com,Gabriel,Ward,STU497826,f,f,f,f,2025-09-21 20:50:52.592,2025-09-21 20:50:52.592
84aa84e2-a6d2-4ec2-9073-ba87c9aaafea,t,t,f,lucas.hill66476@student.example.com,Lucas,Hill,STU545205,f,f,f,f,2024-11-22 20:50:52.592,2024-11-22 20:50:52.592
4c52307b-0244-4317-9331-b01af1c5fcc0,t,t,f,levi.campbell95865@student.example.com,Levi,Campbell,STU432765,f,f,f,f,2025-08-24 20:50:52.592,2025-08-24 20:50:52.592
