message,type,appropriate,reasons
is there an email i can use to share?,student,FALSE,"{ ""reasons"": { ""safety"": [] } }"
lotusjayden@gmail.com,volunteer,FALSE,"{""reasons"": { ""email"": [""lotusjayden@gmail.com""] } }"
testing profanity - 5hit,student,FALSE,"{""reasons"": {""profanity"": [""5hit""] } }"
Hoy chupa culo,student,FALSE,"{""reasons"": {""profanity"": [""culo""] } }"
ass,student,FALSE,"{""reasons"": {""profanity"": [""ass""] } }"
-82.32214243,volunteer,TRUE,
11.\ 2111025509,student,TRUE,
You can become a citizen through the naturalization process. You can become a citizen through the naturalization process.   You can never be a legal citizen. You can never be a legal citizen.   You have to learn English to be a citizen.,student,TRUE,
You can become a citizen through the naturalization process.   You can never be a legal citizen. You can never be a legal citizen.   You have to learn English to be a citizen.,student,TRUE,
"Im doing great, what about you",volunteer,TRUE,
Awesome! I’m doing good too,student,TRUE,
do you mind helping me,student,TRUE,
yes okay,volunteer,TRUE,
I forgot what to do,student,TRUE,
which question?,volunteer,TRUE,
#1 a,student,TRUE,
Okay so 22.4Litres of a gas contains 1 mole,volunteer,TRUE,
use simple methods to find out how many moles 40 L would have,volunteer,TRUE,
Yep,student,TRUE,
22.4L=1 mole,volunteer,TRUE,
1 Litre= 1/22.4 moles,volunteer,TRUE,
Is this rigjt,student,TRUE,
right,student,TRUE,
right,volunteer,TRUE,
no,volunteer,TRUE,
no,student,TRUE,
it would be 1/22.4,volunteer,TRUE,
correct,volunteer,TRUE,
So is the answer 2 moles,student,TRUE,
i rounded by the way,student,TRUE,
approximately yeah,volunteer,TRUE,
Yay thank you so much,student,TRUE,
it would be less than 2 moles but you can roundoff if you want,volunteer,TRUE,
what about the next problem,student,TRUE,
Okay so,volunteer,TRUE,
how many molecules are there in 1 mole?,volunteer,TRUE,
Uhh 6.02x10^23,student,TRUE,
6.02x10^23 molecules = 1 mole,volunteer,TRUE,
1 molecule= 1/6.02*10^23,volunteer,TRUE,
Is this right,student,TRUE,
yeah,volunteer,TRUE,
yeah,student,TRUE,
I got 88538.20598,student,TRUE,
are your calculations right?,volunteer,TRUE,
Um I think,student,TRUE,
i don’t know,student,TRUE,
see,volunteer,TRUE,
deal with the powers of 10 first,volunteer,TRUE,
what did you get by dividing 10^28 by 10^32,volunteer,TRUE,
I don’t get what you mean,student,TRUE,
I’m putting this in my calculator,student,TRUE,
Not doing the math in the head,student,TRUE,
Okayy,volunteer,TRUE,
Um so what do I do,student,TRUE,
are you using your calculator?,volunteer,TRUE,
Yeah but I don’t know if I’m putting it in right,student,TRUE,
you just have to divide 5.33 value by 6.02 value,volunteer,TRUE,
i put the (5.33x10^28) x 1/6.02x10^23,student,TRUE,
dont put it that way,volunteer,TRUE,
I put it like that but I don’t know maybe I wasn’t supposed to use parenthesee,student,TRUE,
Then what do I do,student,TRUE,
(5.33x10^28) / (6.02x10^23),volunteer,TRUE,
Ohhhh,student,TRUE,
i see,student,TRUE,
I got 8.9 x 10^50,student,TRUE,
i don’t know if I rounded right but yeah,student,TRUE,
"Good morning, it's great to meet you!",student,TRUE,
WHAT :),volunteer,TRUE,
wait let me do it,volunteer,TRUE,
8.85×10^4,volunteer,TRUE,
Did you mean (6.02x10^23 /  5.33x10^28),student,TRUE,
I think our calculators are different brands I don’t know,student,TRUE,
but my calculator does round up a lot,student,TRUE,
i don’t know but I can’t control it,student,TRUE,
its somewhat similar so I think we’re good,student,TRUE,
more questions?,volunteer,TRUE,
Yes do you mind checking #1 C,student,TRUE,
I got 1.97,student,TRUE,
moled,student,TRUE,
moles for that,student,TRUE,
GOOD,volunteer,TRUE,
right answer,volunteer,TRUE,
you’re the best!,student,TRUE,
for #2,student,TRUE,
did you get 0.5 moles for a,student,TRUE,
and 6 moles for b,student,TRUE,
they are not asking for moles,volunteer,TRUE,
i mean grams,student,TRUE,
not moles,student,TRUE,
1 mole has 35.5 grams,volunteer,TRUE,
How are you doing,student,TRUE,
35 moles would have 35*35.5,volunteer,TRUE,
So I got the answers wrong?,student,TRUE,
What do you mean,student,TRUE,
molar mass of Cl is 35.5,volunteer,TRUE,
but they are asking for chlorine gas which is Cl2,volunteer,TRUE,
so molecular mass of cl2 would be 2 times the molar mass of Cl,volunteer,TRUE,
I know i got  0.5 moles for A,student,TRUE,
I mean grams,student,TRUE,
no its not right,volunteer,TRUE,
1 mole of Cl2 weighs 70 grams,volunteer,TRUE,
35 moles would be 70*35,volunteer,TRUE,
Ohhh I see,student,TRUE,
So is the answer 0.01 grams,student,TRUE,
what approach did you use,volunteer,TRUE,
Uh the same as #1 a,student,TRUE,
no theyre different,volunteer,TRUE,
Ohhh,student,TRUE,
no. of grams= Molar mass* no.of moles,volunteer,TRUE,
So 1 mole is in the denominator,student,TRUE,
what’s on the numerator then,student,TRUE,
I’m confused,student,TRUE,
the molecular mass of Cl2,volunteer,TRUE,
2481.71,student,TRUE,
is that the molecular mass,student,TRUE,
molecular mass is 70,volunteer,TRUE,
you got the answer,volunteer,TRUE,
just not the method,volunteer,TRUE,
Mass=Number of moles×Molar mass,volunteer,TRUE,
Mass=35moles×71g/mol,volunteer,TRUE,
2485g,volunteer,TRUE,
Oh I used 70.906 in the beginning,student,TRUE,
I got confused I think and then redid it,student,TRUE,
you were right believe in yourseld,volunteer,TRUE,
Thank you!,student,TRUE,
did you get 3001.6 for #2 B,student,TRUE,
134/22.4= no.of. moles,volunteer,TRUE,
Oh,student,TRUE,
no. of moles multiplied by 71 is the asnwer,volunteer,TRUE,
So is 424.1698214g correct,student,TRUE,
Is this correct answer,student,TRUE,
its right,volunteer,TRUE,
Awesome yay,student,TRUE,
round it off to 424 if you can,volunteer,TRUE,
Oh ok,student,TRUE,
What do I do for #2 C by the way,student,TRUE,
i have no clue,student,TRUE,
atomic mass of plutonium is 244,volunteer,TRUE,
see if you can solve it now,volunteer,TRUE,
Wait solve it how,student,TRUE,
solve it like #2 A,student,TRUE,
?,student,TRUE,
?,volunteer,TRUE,
6.022* 10 ^23 molecules= 244 grams,volunteer,TRUE,
1 molecule= 244/ (6.022...),volunteer,TRUE,
yes,volunteer,TRUE,
yes,student,TRUE,
what did you get,volunteer,TRUE,
you should get 2.318*10^27,volunteer,TRUE,
I got 4000,student,TRUE,
okay sorry my bad,volunteer,TRUE,
here,volunteer,TRUE,
here,student,TRUE,
youre given atoms,volunteer,TRUE,
Yes I see that,student,TRUE,
Mass=Number of atoms×Atomic mass,volunteer,TRUE,
atomic mass is 244,volunteer,TRUE,
I still got 400,student,TRUE,
4000*,student,TRUE,
I’ll try again,student,TRUE,
yes please,volunteer,TRUE,
maybe I need to calculate it one at a time on my calculator,student,TRUE,
"also, ill be available after 15 mins now hope that not a prob",volunteer,TRUE,
It’s ok,student,TRUE,
i have to be more for 5 hours,student,TRUE,
Be here,student,TRUE,
Uh did you get 3.8475 x 10^49,student,TRUE,
or something close to that at least,student,TRUE,
you got the number right but not the power,volunteer,TRUE,
Uh what did you get,student,TRUE,
3843.88 grams,volunteer,TRUE,
Wait I got that number before,student,TRUE,
i got 3850.49….,student,TRUE,
It’s kinda close so i think we’re good,student,TRUE,
great,volunteer,TRUE,
can you fix the sentence  for me if you don't mind,student,TRUE,
hi,student,TRUE,
hi,volunteer,TRUE,
what happened in the outsiders in chapter 10?,student,TRUE,
Hi Jasmine,volunteer,TRUE,
Can you post the passage please?,volunteer,TRUE,
yes sure,student,TRUE,
I still don't see it sorry,volunteer,TRUE,
have you read the outsiders?,student,TRUE,
I was hoping you would post the reading on the board,volunteer,TRUE,
"As for the book itself, no I have never read The Outsiders.",volunteer,TRUE,
this is for chapter 11 does the sentence makes sense?,student,TRUE,
"Ponyboy finds an old yearbook to look at where he finds a picture of Bob Sheldon, the boy that Johnny had killed.",student,TRUE,
yes or no?,student,TRUE,
Yes,volunteer,TRUE,
Yes,student,TRUE,
JUST MAKING SURE,student,TRUE,
Ponyboy looks at the yearbook -> Ponyboy finds a picture of Bob in the yearbook -> Bob was killed by Johnny,volunteer,TRUE,
"Okay, so what sentence/paragraph do you need help with?",volunteer,TRUE,
Jasmine? Are you still here?,volunteer,TRUE,
"Okay, so what part are you having difficulty with?",volunteer,TRUE,
oh yeah can you help me with my newspaper article?,student,TRUE,
Sure! Post it on the board please,volunteer,TRUE,
Alright. Is there a specific topic that you will write about?,volunteer,TRUE,
Or a specific news?,volunteer,TRUE,
let me know when you are done reading the instructions,student,TRUE,
I finished reading,volunteer,TRUE,
can you please proofread this to see if I have everything? because my teacher gave me a not good grade and I really worked hard on it.,student,TRUE,
Do you need edit in your newspaper?,volunteer,TRUE,
yes I think so,student,TRUE,
can you make sure if I have everything? because my teacher gave not good grade.,student,TRUE,
and I really worked hard on it.,student,TRUE,
"Your first paragraph ""California's ... any other state"" sounds good. But your second paragraph, I think, should include why the event happened with Governor Gavin Newsom",volunteer,TRUE,
can you please help me?,student,TRUE,
is that in your own words/,student,TRUE,
*?,student,TRUE,
I mix and match your words,volunteer,TRUE,
To reduce redundancy and gives readers the most info in the first two sentences.,volunteer,TRUE,
This is only a demonstration and suggestion. You are free to take it from here and change it however you want.,volunteer,TRUE,
where do I put the when part?,student,TRUE,
that's only thing that I am concern about,student,TRUE,
Include the time at the beginning.,volunteer,TRUE,
"For the body paragraphs, you can include the quotes, let's say from California fast-food workers whose salary increased",volunteer,TRUE,
Or quotes from customers who buy fast food and either complain about the increased cost or support the decision to give fast food workers a better life,volunteer,TRUE,
"In the first two sentences, I think you do need to mention Governor to explain the why part. Then, in the body paragraph, you can introduce Governor in more details and explain the new law",volunteer,TRUE,
Is it clear? Do you have any questions?,volunteer,TRUE,
it happened on April 1st,student,TRUE,
"On April 1st, 2024, California's fast-food workers have received a pay increase to $20 per hour thanks to Governor Gavin Newsom, who believed that fast-food workers deserve a higher wage to keep up with the rising cost of living in California. With higher pay than any other state's fast food workers, their working conditions improve.",volunteer,TRUE,
"how about now? On April 1st, 2024 California's fast-food workers have received a pay increase to $20 per hour which is interesting because they now earn more than fast food workers in any other state.

This is important because it demonstrates a shift towards higher wages and improved working conditions for low-wage workers in the fast-food industry.",student,TRUE,
Sounds good,volunteer,TRUE,
But I think it is missing the why part. Why their salary increase?,volunteer,TRUE,
can you please edit it for m,student,TRUE,
*e,student,TRUE,
it does explain the why part,student,TRUE,
I highlighted in purple,student,TRUE,
I see,volunteer,TRUE,
do you see the why part?,student,TRUE,
"New law signed by Governor Gavin Newsom, fast-food chains with 60 or more locations nationwide are required to pay their workers at least $20 per hour.  This new law happened because The new law, signed by Governor Gavin Newsom last fall, requires that fast-food chains with 60 or more locations nationwide pay their workers at least $20 an hour. (Picchi 2024)

This change happened because Governor Gavin Newsom believed that fast food workers deserve a higher wage to keep up with the rising cost of living in California  and came as a result of advocacy efforts from workers and labor unions pushing for fair wages in the fast food industry.",student,TRUE,
"Yes, there is a why part in your original text. However, there is a bit of redundancy.",volunteer,TRUE,
"My edit is on the board, using 100% of your info and 70% of your words. You are free to adjust that however you like",volunteer,TRUE,
"For many years, labor unions and workers had pushed tirelessly for fair wages in the fast food industry. Governor Newsom, who believed that fast food workers deserve a higher wage to keep up with the rising cost of living in California, signed a new law last fall. The law states that fast-food chains with 60 or more locations nationwide must pay their workers at least $20 per hour. (Picchi 2024)",volunteer,TRUE,
should I leave it like this or no? This change happened because Governor Gavin Newsom believed that fast food workers deserve a higher wage to keep up with the rising cost of living in California  and came as a result of advocacy efforts from workers and labor unions pushing for fair wages in the fast food industry.,student,TRUE,
"That sentence has all the info needed. If you want to keep it, you can keep it",volunteer,TRUE,
Questions?,volunteer,TRUE,
really should I keep it if you were me?,student,TRUE,
This change happened because Governor Gavin Newsom believed that fast food workers deserve a higher wage to keep up with the rising cost of living in California  and came as a result of advocacy efforts from workers and labor unions pushing for fair wages in the fast food industry.,student,TRUE,
"I just think that the ""came as a result"" sounds a bit unnatural after the statement about the Governor's belief. But it is not grammatically wrong. Plus, it explains the why perfectly.",volunteer,TRUE,
"If you keep it, I don't think there is much problem",volunteer,TRUE,
should I keep it if you were me?,student,TRUE,
how about this one?,student,TRUE,
"""The $20 raise is great. I wish this would have come sooner,"" Vilorio said through a translator. ""Because I would not have been looking for so many other jobs in different places."" (Picchi 2024) -> sounds great, keep it",volunteer,TRUE,
"The other two sentences are good as well, b/c they explain the impact of this new law",volunteer,TRUE,
You may want some transition between your quote and the next two sentences.,volunteer,TRUE,
really?,student,TRUE,
do I have any Grammer's or errors?,student,TRUE,
can you proofread it?,student,TRUE,
No grammar error found so far,volunteer,TRUE,
"I would omit the ""simply""",volunteer,TRUE,
"It's not wrong to have the word ""simply"" in the sentence, but it doesn't add a lot of value to your sentence either",volunteer,TRUE,
What is to be fixed about the quote? It looks good to me,volunteer,TRUE,
"If companies are unable to absorb the increased costs AND pass them on to consumers, THEY may be forced to reduce their workforce or cut benefits, leading to job losses.",volunteer,TRUE,
how about now,student,TRUE,
"living in poverty, not living on poverty",volunteer,TRUE,
blue-collar with a hyphen,volunteer,TRUE,
"take out ""what takes place when"" b/.c they are unnecessary filler words",volunteer,TRUE,
Put a period after the first sentence,volunteer,TRUE,
living in poverty,student,TRUE,
isn't right?,student,TRUE,
Living in poverty is right. You originally wrote living on poverty,volunteer,TRUE,
is there any other Grammer's?,student,TRUE,
Just make sure that you put a period after each sentence,volunteer,TRUE,
"And there should be a hyphen between ""blue"" and ""collar"" to make ""blue-collar""",volunteer,TRUE,
which period do I need to add?,student,TRUE,
can you please highlight it?,student,TRUE,
Also delete a period in (Picchi 2024),volunteer,TRUE,
You wrote it as (Picchi 2024.),volunteer,TRUE,
I don't want to plagarise,student,TRUE,
they have period,student,TRUE,
why you highlight it for? when it already have period,student,TRUE,
"No, you misunderstood. Keep the (Picchi 2024) part as a citation, but you accidentally type (Picchi 2024.) instead of (Picchi 2024)",volunteer,TRUE,
is it like this? (Picchi 2024),student,TRUE,
I highlighted it b/c the text you copied to me in the white board did not have periods.,volunteer,TRUE,
"Yes, like that",volunteer,TRUE,
Anything else?,volunteer,TRUE,
how about now?,student,TRUE,
Looks good,volunteer,TRUE,
The rest of the paragraph also looks good. No grammar error found.,volunteer,TRUE,
are you sure,student,TRUE,
"Yes, I did read your last three sentences next to the link bar. No grammar error found.",volunteer,TRUE,
Is there a specific sentence you are not sure of and want me to proofread?,volunteer,TRUE,
Jasmine? Do you have any questions for me?,volunteer,TRUE,
Jasmine?,volunteer,TRUE,
"Jasmine, I have to leave in 5 minutes. Do you have any questions for me?",volunteer,TRUE,
the one that I turned in I got 15/25,student,TRUE,
what grade I'm I going to get?,student,TRUE,
what's your guess?,student,TRUE,
I'm sorry to hear that. Did your teacher give feedback or suggestion for improvement?,volunteer,TRUE,
Or explain where points are deducted?,volunteer,TRUE,
"Jasmine, I am not a teacher, and I unfortunately cannot tell you what grade you will get. What I can do is advice you to stay after class and talk to your teacher. Ask him/her what part of your writing needs improvement and how to do it",volunteer,TRUE,
Most teachers love students who are inquisitive and taking initiative for their study,volunteer,TRUE,
yes they left me on a comment,student,TRUE,
What did the comment say?,volunteer,TRUE,
Good start on your Article. let look at it lil more. to get full 25 points.,student,TRUE,
"So like, they want you to include more information to flesh out your article?",volunteer,TRUE,
yes  I think so,student,TRUE,
did I include more information?,student,TRUE,
"Okay, so there are a few things you can include to flesh out the article. I think you already included the core information, but you need to connect between the information better.",volunteer,TRUE,
by how?,student,TRUE,
can you help,student,TRUE,
"For example, I think you included a quote from Vilvo (sorry, can't spell their name) about how they wish the salary increase happened sooner. What you can do is immediately after the quote, add something like ""Prior to the salary increase, Vilvo had to work three part-time jobs to feed his family of 6. Now, he is able to work two part-time jobs which allows him to spend more time raising his sons.""",volunteer,TRUE,
Just make sure that what you say is accurate. I just provide an example of how you can say more about existing information,volunteer,TRUE,
to be honest with you I can't find any other quote on the article,student,TRUE,
https://www.cbsnews.com/news/california-fast-food-20-minimum-wage-law-prices/,student,TRUE,
"And then, you can connect this with the general statement about how the salary increase allows people to spend time with family, have hobbies, etc. ""Vilvo is not an exception. Many fast-food workers report on an improvement in life quality - they no longer have to work multiple jobs to support themselves and can spend time pursuing hobby or investing in their family.""",volunteer,TRUE,
"Let ,e skim the article real quick.",volunteer,TRUE,
*me,volunteer,TRUE,
take as much as time you need,student,TRUE,
"This is the info the article provided about Vilorio (whom I mistaken spelled Vilvo): The boost will help workers like Ingrid Vilorio, who said she started working at a McDonald's shortly after arriving in the United States in 2019. Fast food was her full-time job until last year. She now works part-time at a Jack in the Box about eight hours per week, in addition to other jobs.",volunteer,TRUE,
"So, my advice about explain the quality of life improvement for Vilorio after the salary increase still applies.",volunteer,TRUE,
do I add that in the quote?,student,TRUE,
"You can also add another paragraph about response of company to this salary change. Supporting points: ""The new baseline wage comes as the fast-food industry is seeing booming earnings, with big chains like McDonald's enjoying strong revenue growth and wider profit margins in recent years. That's partly due to menu prices that have far outpaced inflation, with fast-food costs surging 47% over the past decade, compared with an average of 29% for all other prices, according to a new analysis from the Roosevelt Institute, a nonpartisan think tank.""",volunteer,TRUE,
"Nope, paraphrase. You want to only quote what is truly important",volunteer,TRUE,
my teacher send me an video would you mind watchiing it?,student,TRUE,
"I'm not sure this platform supports video, but sure, we can try",volunteer,TRUE,
https://youtu.be/8_NmVtnEEA8?si=RXj8WRnPj8vaGjkJ,student,TRUE,
"Okay, so it seems like you did include most of their advice there",volunteer,TRUE,
"what is that says? to work f. Now, he a . Vi is not an exception.",student,TRUE,
"Before the salary increase, Vilvo had to work full-time at McDonald's since 2019. Now, she can afford to work part-time jobs. Vilorio is not an exception.",volunteer,TRUE,
Something similar in that nature to flesh out your existing information.,volunteer,TRUE,
Nothing fancy. Everything is in the article you provided me. Just pick and choose the ones that benefit your article.,volunteer,TRUE,
Does it make sense?,volunteer,TRUE,
Vilorio,student,TRUE,
"Oh yes, sorry Vilorio.",volunteer,TRUE,
"do I copy this? before the salary increase, Vilvo had to work full time. Now, she can afford to work part time jobs . Vilorio is not an exception.",student,TRUE,
what do I do?,student,TRUE,
"Yes, that sounds great!",volunteer,TRUE,
should I copy that or no?,student,TRUE,
"before the salary increase, Vilvo had to work full time. Now, she can afford to work part time jobs . Vilorio is not an exception.",student,TRUE,
where do I add it?,student,TRUE,
"You had a sentence about ""If company pass the increase to customers ..."" Add it there and make arguments supporting the salary increase then opposing the salary increase. Just to show the reader 2 sides of the same coin",volunteer,TRUE,
can you please add it for me?,student,TRUE,
Can you show me your last sentence next to the pink line please?,volunteer,TRUE,
"The one that talks about ""If a company ... pass the cost to the consumers ...""",volunteer,TRUE,
"The extra compensation and benefits may allow employees to spend more time with family and friends, pursue hobbies, or simply take breaks without worrying about finances.",student,TRUE,
Not that sentence,volunteer,TRUE,
I am not sure which last sentence do you mean,student,TRUE,
"The last sentence that sounds like: If companies are unable to absorb the increased costs AND pass them on to consumers, THEY may be forced to reduce their workforce or cut benefits, leading to job losses.",volunteer,TRUE,
oh got it,student,TRUE,
where can I add the sentence?,student,TRUE,
"After ""Vilorio is not an exception"", just add the word ""many"" to ""Employees feel more valued ..."" to emphasize that many employees also have similar thoughts as Vilorio",volunteer,TRUE,
"Also, remove the word ""may"" in the sentence ""Employees may feel more valued ..."" to sound more assertive",volunteer,TRUE,
which may?,student,TRUE,
"In ""Employees may feel more valued ..""",volunteer,TRUE,
can you please delete it for me,student,TRUE,
"Before the salary increase, Vilvo had to work full time. Now, she can afford to work part time jobs . Vilorio is not an exception. Many employees feel more valued and appreciated by their employers, leading to increased job satisfaction and motivation. The extra compensation and benefits may allow employees to spend more time with family and friends, pursue hobbies, or simply take breaks without worrying about finances.",volunteer,TRUE,
Fixed,volunteer,TRUE,
can you please delete it for me on the board,student,TRUE,
I don't see it,student,TRUE,
Deleted,volunteer,TRUE,
can you highlighted where you deleted it?,student,TRUE,
Saw that?,volunteer,TRUE,
Do you see that yellow highlighted word?,volunteer,TRUE,
It's okay if you don't see it. Not grammar error. I just thought delete it would make your point sound more assertive.,volunteer,TRUE,
"When you look at the employee's standpoint on the subject, living in poverty is mostly what takes place when in blue collar jobs With increased wages and benefits, employees may be able to afford luxuries they previously couldn’t, such as vacations, hobbies or upgrades to their living situation  ""The $20 raise is great. I wish this would have come sooner,"" Vilorio said through a translator. ""Because I would not have been looking for so many other jobs in different places."" (Picchi 2024)  Employees feel more valued and appreciated by their employer, leading to increased job satisfaction and motivation. The extra compensation and benefits may allow employees to spend more time with family and friends, pursue hobbies, or simply take breaks without worrying about finances.",student,TRUE,
"Jasmine, I'm sorry to stop here. We have been going for 3 hours. While I am more than happy to see you understand your lesson more, I unfortunately cannot stay longer. If you want additional help, please put in a new ticket and someone else will pick it up. Best of luck with your studies!",volunteer,TRUE,
You have improved a lot from your original draft. Just keep editing your article and refer back to your teacher's instructions.,volunteer,TRUE,
Good night!,volunteer,TRUE,
oh thanks,student,TRUE,
"if not, you can just put the footnote at the end of the paragraph or directly after you're done with a topic",volunteer,TRUE,
"nope, only when you use an direct quote",volunteer,TRUE,
this is what my teacher said: Supporting evidence for major points of the paper’s argument should be skillfully integrated into the paper. A consistent form of citation must be used throughout the essay.,student,TRUE,
so do i need a citation for every sentence?,student,TRUE,
"what do you mean when you say""how to cite footnote""",volunteer,TRUE,
you're welcome!,volunteer,TRUE,
thank uuu,student,TRUE,
for footnotes just click the place where you want the footnote to be and then click insert or ctrl+alt+f,volunteer,TRUE,
sure you can share the document with me,volunteer,TRUE,
thanks,volunteer,TRUE,
thanks,student,TRUE,
"overall, the essay looks great! just take a look at the suggestions that i made",volunteer,TRUE,
https://docs.google.com/document/d/1ZYcf02M9EuqU8Od9v11d1uQBx7P_ydsxBhoAD2xa7DU/edit?usp=sharing,student,TRUE,
can you change the access from view to comment or edit? because i can't edit anything,volunteer,TRUE,
there we goo,student,TRUE,
i can't share my email on this site,volunteer,TRUE,
i think you have to just change it to everyone is allowed to comment if you are using google docs,volunteer,TRUE,
ahhh ok,student,TRUE,
for tusked,student,TRUE,
105 for non tusked,student,TRUE,
"does that box say total population, I cannot see it",volunteer,TRUE,
Well we had to calculate that,student,TRUE,
So I did,student,TRUE,
"I'm only asking what is written, what words",volunteer,TRUE,
next question?,volunteer,TRUE,
oh,student,TRUE,
oh,volunteer,TRUE,
30% of females are tuskless,volunteer,TRUE,
Is this for the frequency,student,TRUE,
It is the answer to the question,volunteer,TRUE,
are you finished?,volunteer,TRUE,
What is the frequency of tusklessness in the male population?,student,TRUE,
I'm done,student,TRUE,
That's all the questions I have,student,TRUE,
Thank You So Much,student,TRUE,
do you know how to calculate it?,volunteer,TRUE,
you are welcome,volunteer,TRUE,
% is calculated by dividing a part by the whole. Remember that you must multiply by 100 to convert this decimal into a percentage.,student,TRUE,
so it is 27/270 X 100,volunteer,TRUE,
ok?,volunteer,TRUE,
and the answer is?,volunteer,TRUE,
10,student,TRUE,
10%,volunteer,TRUE,
"so, 30% of females have no tusks and 10% of males",volunteer,TRUE,
"What is the overall frequency of tusklessness in the total elephant
population?",student,TRUE,
One more question,student,TRUE,
78 + 27,volunteer,TRUE,
105,volunteer,TRUE,
105%?,student,TRUE,
105/100,student,TRUE,
"so, the % would be 105/530 X 100",volunteer,TRUE,
per cent is a proportion of the total,volunteer,TRUE,
19.81132075,student,TRUE,
19.8,student,TRUE,
19.8,volunteer,TRUE,
"so, it is the #of tuskless over the total number",volunteer,TRUE,
20,student,TRUE,
%,student,TRUE,
Can we do 4 more questions,student,TRUE,
sure,volunteer,TRUE,
"In these next few questions, we are going to practice writing summary sentences with sentence frames. Write a sentence about the elephants using the word ""but"".

Example: Prokaryotes and eukaryotes are both alive, but eukaryotes are more complex.

Write your own!

 , but  .",student,TRUE,
"Most elephants have tusks, but 19.8% do not",volunteer,TRUE,
that's one possibility,volunteer,TRUE,
ok,student,TRUE,
ok,volunteer,TRUE,
What would be another example,student,TRUE,
Most male and female elephants have tusks but only 3 times as many females than males are tuskless,volunteer,TRUE,
"take out the only, it's a mistake",volunteer,TRUE,
Most male and female elephants have tusks but 3 times as many females than males are tuskless,volunteer,TRUE,
"30% of female elephants are tuskless, but only 10% of male elephants do not have tusks",volunteer,TRUE,
do you have more questions?,volunteer,TRUE,
yes two more,student,TRUE,
"The increase in tusklessness is an example of...

Disruptive selection

Directional selection

Stabilizing selection",student,TRUE,
"What is the evolutionary advantage of the tuskless elephants?

Better defense against predators

Increased survival in poaching areas

Greater mating success

Greater access to food",student,TRUE,
For the first one I choose the disruptive,student,TRUE,
hello,student,TRUE,
her,volunteer,TRUE,
i'm her,volunteer,TRUE,
I'm checking out the difference between disruptive and directional,volunteer,TRUE,
"for the second one, it is clearly increased survival in poaching areas",volunteer,TRUE,
Wait is the directional,student,TRUE,
"directional selection: a mode of natural selection in which a single phenotype is favored, causing the allele frequency to continuously shift in one direction
    disruptive selection: (or diversifying selection) a mode of natural selection in which extreme values for a trait are favored over intermediate values
    stabilizing selection: a type of natural selection in which genetic diversity decreases as the population stabilizes on a particular trait value",volunteer,TRUE,
"in this case, there is no intermediate values, can't have partial tusks",volunteer,TRUE,
how can I help?,volunteer,TRUE,
can you post your homework?,volunteer,TRUE,
"but I imagine that in some cases, having tusks is favored, like against other animals",volunteer,TRUE,
I would say it is directional selection but I'm not sure,volunteer,TRUE,
"What is the frequency of tusklessness in the female population? (Write as a %, rounded to the nearest whole number)",student,TRUE,
That is my question,student,TRUE,
what is written in that box?,volunteer,TRUE,
is it total population?,volunteer,TRUE,
425,student,TRUE,
llegar,student,TRUE,
"Hello! Im Audrey and I will be your tutor! To get started, can I ask what you need help with?",volunteer,TRUE,
ik this is in spanish but is there any way this could be translated to english,student,TRUE,
"Janelle, the picture that was provided on the workspace I noticed is in a different language. My primary language is English just to let you know! :)",volunteer,TRUE,
Ill see what I can do,volunteer,TRUE,
Could you please give me a minute?,volunteer,TRUE,
Ok so at the top of the picture there are instructions. Can you identify/understand what the question is asking?,volunteer,TRUE,
"For clarification, I am talking about the first picture.",volunteer,TRUE,
it says Identify what you see:,student,TRUE,
Ok! So what do you see in the picture provided?,volunteer,TRUE,
Trepa a un árbol.,student,TRUE,
Trepa,student,TRUE,
Yes! Great Job!,volunteer,TRUE,
trepa,student,TRUE,
Climbing a tree!,volunteer,TRUE,
it wont let mesay it in spanish,student,TRUE,
leet me,student,TRUE,
Thats ok!,volunteer,TRUE,
Ok now for the next picture!,volunteer,TRUE,
"Forst off, Identify what the question is asking you.",volunteer,TRUE,
con una muñeca. the question ask what do you identify,student,TRUE,
The key words in the sentence would be juega and persona,volunteer,TRUE,
We need to first figure out what those mean in English.,volunteer,TRUE,
Question What does this person play with?,student,TRUE,
Yes!,volunteer,TRUE,
Now what do you see the girl playing with in the picture?,volunteer,TRUE,
a doll,student,TRUE,
Yes! Do you know what doll is in spanish?,volunteer,TRUE,
muñeca es,student,TRUE,
Great Job!,volunteer,TRUE,
muneca,student,TRUE,
Ok on to the last question! Your doing great!,volunteer,TRUE,
This ones a little more challenging but you got this!,volunteer,TRUE,
"First, identify the question and the key words.",volunteer,TRUE,
Olvera Street is the place where,student,TRUE,
So we need to find out where Olvera Street is located.,volunteer,TRUE,
"And you can see in the answers there are words that look similar to word in english. It looks like we have America, United States, and Los Angeles.",volunteer,TRUE,
"These words are called cognates, and they can make it much easier to break down a sentence.",volunteer,TRUE,
"Have you learned about Overa Street before? If you haven't, you may have to do some research on where it is located.",volunteer,TRUE,
LA,student,TRUE,
You got it!,volunteer,TRUE,
Your pretty good! I saw that you said you didnt know much about this but you know more than you think!,volunteer,TRUE,
Is there anything else I can help with?,volunteer,TRUE,
i have this one,student,TRUE,
Ok then!,volunteer,TRUE,
Lets identify the question again.,volunteer,TRUE,
There are more cognates too which we can use to break down what the question is asking.,volunteer,TRUE,
If a person is not born in the United States,student,TRUE,
Yes! Amazing!,volunteer,TRUE,
There are some basic civics involved in this but its not too hard. What do you think the answer is?,volunteer,TRUE,
A,student,TRUE,
puede,student,TRUE,
Yep! See key words can go a long way!,volunteer,TRUE,
You can become a citizen through the naturalization process.,student,TRUE,
"In conclusion, when we are given sentences to break down, we should be looking for one or more key words as well as cognates!",volunteer,TRUE,
"Unfortunately, our time is up but I had so much fun working with you Janelle! Keep working hard on these assignments and never doubt yourself! Your so smart! :)",volunteer,TRUE,
"Janelle, I think our time together is up!",volunteer,TRUE,
You did amazing tho!,volunteer,TRUE,
oh man,student,TRUE,
Keep finding those key words!,volunteer,TRUE,
"Also, feel free to contact me through UPchieves platform again. I'd love to work together again!",volunteer,TRUE,
"Have a wonderful day, Janelle! :)",volunteer,TRUE,
okay thank you,student,TRUE,
Your welcome!,volunteer,TRUE,
umm times it by pi?,student,TRUE,
Close,volunteer,TRUE,
You divide,volunteer,TRUE,
ohh wait how come,student,TRUE,
Think of it as just a regular variable equation,volunteer,TRUE,
Look at the board,volunteer,TRUE,
so it would be 6.99,student,TRUE,
#ERROR!,student,TRUE,
Yup,volunteer,TRUE,
That's the diameter,volunteer,TRUE,
We have 2r now,volunteer,TRUE,
What can you do for just R?,volunteer,TRUE,
ohh,student,TRUE,
I think we have to x2,student,TRUE,
"Close, you divide",volunteer,TRUE,
"Remember, we're just isolating r like with any variable",volunteer,TRUE,
oh right right,student,TRUE,
3.495,student,TRUE,
wait so would that be the answer,student,TRUE,
and unble to complete it,student,TRUE,
"Okay, can you send me a question?",volunteer,TRUE,
find the diameter of a circle with a circumference of 65.97 meters.,student,TRUE,
"Okay, so we first need to remember the circumference formula",volunteer,TRUE,
c=pie right?,student,TRUE,
Hi,volunteer,TRUE,
c=C = 2 \pi r,student,TRUE,
I'm trying to complete a assignment on are and circumference but I missed a few classes and am now confused,student,TRUE,
It's 2piR,volunteer,TRUE,
r is radius,volunteer,TRUE,
"So, we can plug that in",volunteer,TRUE,
65.97 = 2 x pi x r,volunteer,TRUE,
Can you solve for r with that?,volunteer,TRUE,
I'm not sure how to,student,TRUE,
Try dividing by pi first,volunteer,TRUE,
20.9989209286?,student,TRUE,
20.99 ?,student,TRUE,
And what is diameter in relation to radius?,volunteer,TRUE,
what do you mean..,student,TRUE,
I'm confused,student,TRUE,
"Okay, so what is a diameter?",volunteer,TRUE,
d = 2r,student,TRUE,
That's right!,volunteer,TRUE,
"And when we divided pi, we got 20.99 = 2r",volunteer,TRUE,
So then what's the diameter?,volunteer,TRUE,
20.99?,student,TRUE,
ohhh okayyy thank you,student,TRUE,
could you help me with another please,student,TRUE,
Sure,volunteer,TRUE,
find the radius of a circle with a circumference of 21.99 feet.,student,TRUE,
"Okay, so we can plug that into the equation as 21.99 = 2piR",volunteer,TRUE,
Any ideas on how to solve for just R?,volunteer,TRUE,
Ok,student,TRUE,
Is that your work on #1 and #2?,volunteer,TRUE,
"Sorry, 90 is the number of numbers.  The median os teh x-axis value.",volunteer,TRUE,
it would be less,student,TRUE,
Excellent.  It looks good.,volunteer,TRUE,
"So, now let's look at #3.",volunteer,TRUE,
is the mean 10+20+60+90+30 divided by 5,student,TRUE,
let’s do it,student,TRUE,
is it median 30?,student,TRUE,
"The median is teh number that is in teh middle.  In other words, there are teh same number of points on teh left as on the right.",volunteer,TRUE,
so 60?,student,TRUE,
"Sorry, I cannot type """"the""",volunteer,TRUE,
it’s ok,student,TRUE,
tyy,student,TRUE,
Haha....you beat me to it.  Good work.,volunteer,TRUE,
120,student,TRUE,
Now look at teh two columns on teh right: 90 + 30,volunteer,TRUE,
so the median is 90,student,TRUE,
Correct.,volunteer,TRUE,
90,student,TRUE,
"Hello, Anya.",volunteer,TRUE,
Can i please have some help on my hw,student,TRUE,
Okay.,volunteer,TRUE,
90 is teh number of entries in teh column.  What is teh value on teh x-axs for the column 90.,volunteer,TRUE,
so what is the median,student,TRUE,
I actually told you wrong.,volunteer,TRUE,
I’ll put it on the board,student,TRUE,
Okay,volunteer,TRUE,
Okay,student,TRUE,
take the first three columnes = 10 + 20 + 60 = ?,volunteer,TRUE,
Do you understand it?,student,TRUE,
See the column where you ahve marked 90 at teh top?,volunteer,TRUE,
Let me take a look.,volunteer,TRUE,
"So, what grades are in teat column that we know is the median.",volunteer,TRUE,
"So, yes, the Median is in teh column having 90 grades fro teh reasons you have already mentioned.",volunteer,TRUE,
"I hope I did not confuse the issue.  When we talk about teh numbers 10, 20, 60, 90, 30, those are teh number of grades in each category.",volunteer,TRUE,
testing profanity filter 2 with ff on - 5hit,student,TRUE,
test,student,TRUE,
"Previously I confirmed that the inscribed shape is a parallelogram, is there. formula we are able to just use for that",student,TRUE,
Hi Jasmine!,volunteer,TRUE,
How are you today?,volunteer,TRUE,
"Hello! I'm doing well, how are you?",student,TRUE,
"I'm good, thanks for asking!",volunteer,TRUE,
How can I help you?,volunteer,TRUE,
Im working on a project and apart of this project isfind the area of a quardilateral we create,student,TRUE,
"I understand I would need to use encasement, but I don't fully understand that topic",student,TRUE,
"Ok, it seems to me that encasement would help here so you are definitely on the right track!",volunteer,TRUE,
tell me what you already do know about encasement and I can help fill in the gaps,volunteer,TRUE,
"I know encasement is taking the original shape and putting it into an easier shape to calculate the area of ig, like a rectangle for example",student,TRUE,
"I see you drew a larger rectangle around your quadrilateral, that's good so far!!",volunteer,TRUE,
and then calculating the area of the whole thing then subtracting the other peices of the rectangle,student,TRUE,
yep!,volunteer,TRUE,
How would we go about setting this problem up?,student,TRUE,
"ok, so we have our large quadrilateral and the smaller one inside it. Step one is to figure out the area of the larger quadrilateral. You already drew a rectangle around it which is perfect and know that you need to subtract the other pieces...which pieces would those be?",volunteer,TRUE,
the two triangles on the side?,student,TRUE,
"yes, you got it!! :)",volunteer,TRUE,
would we have to use the distance formula to find the base length?,student,TRUE,
"yep, we could do that, but we could also look at the graph itself since all of our base lengths are either horizontal or vertical (and not diagonal) and see how much the x or y value changes if that is easier",volunteer,TRUE,
"but when in doubt, it's never wrong to use the distance formula so if you would rather do that, I say go for it!",volunteer,TRUE,
I think we could look at the graph and I ca do the distance formula on the side to verify and check our work,student,TRUE,
sounds good,volunteer,TRUE,
Would the distance be 6?,student,TRUE,
"yep, that's what I got!",volunteer,TRUE,
Great!,student,TRUE,
Since it is a rectangle we can assume the top also has the distance of 6 correct?,student,TRUE,
For the side length I got 4,student,TRUE,
"that's what I got too, good work!",volunteer,TRUE,
I labeled them so it would be easier to talk about,student,TRUE,
Now we find the distance from D to H right?,student,TRUE,
both are great ideas!,volunteer,TRUE,
For the base of DH I got 2,student,TRUE,
correct!,volunteer,TRUE,
Now can we use Pythagorean theorem to find the hypotenuse?,student,TRUE,
"think about it, do you need the hypothenuse to find area of a triangle?",volunteer,TRUE,
ohhhhh no,student,TRUE,
1/2 bh,student,TRUE,
yep,volunteer,TRUE,
so 1/2 2(4),student,TRUE,
"yep, that's right!",volunteer,TRUE,
so the area of that triangle would be 4?,student,TRUE,
For the Base distance IB I got 4,student,TRUE,
"good, that's what I got",volunteer,TRUE,
and the leg length would be 4,student,TRUE,
The total area of the rectangle is 24 btw,student,TRUE,
and the area of triangle BCI would be 1/2 4(4) so the area if 8,student,TRUE,
is*,student,TRUE,
you got it!,volunteer,TRUE,
now we can just subtract the triangles? So 24 -12,student,TRUE,
yes!,volunteer,TRUE,
and that's the area of the bigger quadrilateral! great work so far!,volunteer,TRUE,
"usually you can use the formula area of a parallelogram = bh , but in this case there were two different length bases so that's why you had to use the encasement method",volunteer,TRUE,
oh okay,student,TRUE,
oh okay,volunteer,TRUE,
how would we solve this then?,student,TRUE,
ohhh wait.. were you talking about the smaller quadrilateral? because in that case we can use the formula: area = bh,volunteer,TRUE,
"or you could use encasement again, it's up to you which is easier",volunteer,TRUE,
yeah I need too find the area of the inner quadrilateral too,student,TRUE,
"I think encasment would be a lot more work, do we have everything we need for area=bh",student,TRUE,
"I think so, you are going to have to use distance formula to get the base length, but since the parallelogram is tilted, the height is easy to find",volunteer,TRUE,
okay,student,TRUE,
well...actually let me double check that it will work before you start working,volunteer,TRUE,
okie dokie,student,TRUE,
yeah actually I think we are going to have to do encasement again here sadly,volunteer,TRUE,
aw okay,student,TRUE,
because the height is technically slightly angled so you would get an area that's a little bit off,volunteer,TRUE,
but it was a good thought though,volunteer,TRUE,
since we already have the area of the lare quadrilateral thrn is it already encased techincaally?,student,TRUE,
and then we just have to subtract the four surrounding triangles,volunteer,TRUE,
the base of triangle AHE is 1?,student,TRUE,
and the side length should be 2,student,TRUE,
Im confused on how to find the area of triangle DHG and triangle BFE,student,TRUE,
"okay so sometimes for wonky triangles like this we can extend the line for the height outside the triangle, I'll draw it in as an example",volunteer,TRUE,
if that makes sense?,volunteer,TRUE,
so we are extending the line to create a new leg? after find that area do we find the area of the smaller triangle then subtract that from the bigger triangle?,student,TRUE,
"nope, you aren't actually creating a new leg, you are just making it easier to measure what you do have, so you can take the height value and just do 1/2 bh with the normal base value",volunteer,TRUE,
"so with triangle BFE for example, it looks like you already found the base to be 1, so you would do 1/2 (1)(height)",volunteer,TRUE,
and it would still be the same area as the original triangle?,student,TRUE,
For the height I got 1,student,TRUE,
wait no,student,TRUE,
I got 2.2360679774998,student,TRUE,
"it should be a whole number, what points did you plug in?",volunteer,TRUE,
I plugged in the wrong points,student,TRUE,
wait lemme fix that,student,TRUE,
👍🏼,volunteer,TRUE,
I got the distance 2,student,TRUE,
"alright, that's good now",volunteer,TRUE,
and for the other height I got 2 as well,student,TRUE,
"yep, that's good too!",volunteer,TRUE,
hold on im gonna go check my work rq,student,TRUE,
The base length are both 2 corrct,student,TRUE,
wait the heights are both 2,volunteer,TRUE,
yeah thats what i meant,student,TRUE,
but only one base is 2,volunteer,TRUE,
you wrote in the correct base for BFE,volunteer,TRUE,
Imma go check that,student,TRUE,
wait afk,student,TRUE,
Im here,student,TRUE,
ok cool!,volunteer,TRUE,
The base of the second triangle is 3,student,TRUE,
remember that the base only goes from point G to point D,volunteer,TRUE,
I though the base goes to the extended height because we encased it?,student,TRUE,
"once you have the height value, you can just ignore that line; think of it kinda like a pointer to make the height easier to see but isn't actually part of the triangle itself",volunteer,TRUE,
like the height kinda curves around to get up from G to H but you need a straight line to measure it,volunteer,TRUE,
that's why we can extend the line,volunteer,TRUE,
if that makes sense? that might've made it more confusing,volunteer,TRUE,
so the base would be 2?,student,TRUE,
the area of that triangle would also be two correct?,student,TRUE,
"yep, triangle GDH has area 2",volunteer,TRUE,
so now we do 12-6?,student,TRUE,
the area of the inner quadrilateral is 6?,student,TRUE,
"How would we answer the part of the quesiton, compare the areas?",student,TRUE,
and what is the ratio of large quadrilateral to smaller quadlialteral,student,TRUE,
you could set up a ratio --> area of larger quadrilateral: area of smaller quadrilateral,volunteer,TRUE,
you're basically just setting up a ratio of the two numbers you found,volunteer,TRUE,
the 12 and the 6,volunteer,TRUE,
wouldn't it be simplifed 2:q,student,TRUE,
2:1,student,TRUE,
"yep, that's correct!",volunteer,TRUE,
the last paert of the project is to find the perimeter,student,TRUE,
"alright, this is going to involve the distance formula",volunteer,TRUE,
Okay I added new diagrams and quesiton so it's cleaner,student,TRUE,
ok thanks,volunteer,TRUE,
outer quadrilateral values look good to me,volunteer,TRUE,
ok I got the perimeter of both quadrilaterals,student,TRUE,
they look correct to me!,volunteer,TRUE,
how would we find the ratio of the perimeter of the large quadrilater to the permeter of the smaller quadrilateral?,student,TRUE,
"you can set it up the same way you did last time, but I don't think it can be simplified",volunteer,TRUE,
so we would add everything together,student,TRUE,
when adding everything togther I got 16.1289902045,student,TRUE,
that's what I got,volunteer,TRUE,
"But I think I need to leave it as a radical, how would I do that?",student,TRUE,
I would add the whole numbers (2 and 4) and then just have a + 4√2 + 2√5 on the end,volunteer,TRUE,
since you can't combine them,volunteer,TRUE,
do you think it would be easier to leave it as a decimal?,student,TRUE,
"it's up to you, I'm not sure what your teacher is looking for. I personally think it looks nicer as a decimal, but most times teachers want it in radical form",volunteer,TRUE,
for the perimeter of the smaller quadrilateral i got 11.2111025509,student,TRUE,
11.21110255,student,TRUE,
I think I can do both,student,TRUE,
just in case,student,TRUE,
"ok cool, that's a good idea",volunteer,TRUE,
11.2111025509 is what i got for the smaller quadrilateral,student,TRUE,
11.21 is what I got for the smaller quadrilateral,student,TRUE,
looks right to me,volunteer,TRUE,
how would we write the ratio?,student,TRUE,
just do the 16.13 : 11.21,volunteer,TRUE,
what does it mean compare in the question?,student,TRUE,
I think it means to just look at the values and see how they relate to each other (for example: is one bigger or smaller than the other?),volunteer,TRUE,
it is basically using the ratio you put together since ratios are often used to compare two values,volunteer,TRUE,
Okay thank you,student,TRUE,
I think that is everything I need tbh,student,TRUE,
thqnk you so much for the help,student,TRUE,
Happy to help! Great work today!! :),volunteer,TRUE,
thank you so much!,student,TRUE,
"Hello, how can I help today",volunteer,TRUE,
"¿No hablas español, verdad?",student,TRUE,
I can speak,volunteer,TRUE,
i cant sorry,volunteer,TRUE,
cant*,volunteer,TRUE,
Oh thats okay,student,TRUE,
Okay! :),volunteer,TRUE,
How can I help today?,volunteer,TRUE,
This is science right?,student,TRUE,
or left?,student,TRUE,
wdym,volunteer,TRUE,
you requested biology,volunteer,TRUE,
What do you mean OH ohhh ohh,student,TRUE,
I mean right? or left,student,TRUE,
right or left of what?,volunteer,TRUE,
Not sure I understand,volunteer,TRUE,
Mi english isnt good,student,TRUE,
no worries!,volunteer,TRUE,
Your question was is this science and I said yes,volunteer,TRUE,
Does that answer your question?,volunteer,TRUE,
left ot right tho,student,TRUE,
what do you mean by left or right?,volunteer,TRUE,
Oh nevermind,student,TRUE,
do you want to say it in spanish? I can try to understand...,volunteer,TRUE,
I use translotor,student,TRUE,
How does treatment for a bacterial infection differ from treatment for a virus?,student,TRUE,
for english,student,TRUE,
"For your question, antibiotic medicine help prevent bacteria from growing but this medicine does not treat a virus",volunteer,TRUE,
does this help?,volunteer,TRUE,
Si,student,TRUE,
I mean,student,TRUE,
great!,volunteer,TRUE,
Gracias,student,TRUE,
de nada!,volunteer,TRUE,
lol,student,TRUE,
adios,student,TRUE,
:),volunteer,TRUE,
do you have other questions?,volunteer,TRUE,
okay!,volunteer,TRUE,
have a great day!,volunteer,TRUE,
Hii,student,TRUE,
"Hello, how can I help you?",volunteer,TRUE,
Could u help me with American gov work,student,TRUE,
Its so hard,student,TRUE,
Sure! What are you having trouble with?,volunteer,TRUE,
Can i post the question,student,TRUE,
Yes. Put it on the whiteboard,volunteer,TRUE,
i'll post the notes,student,TRUE,
"These are the options to choose from, basically, right?",volunteer,TRUE,
"OK, which do you think it is?",volunteer,TRUE,
And why?,volunteer,TRUE,
Are you still there?,volunteer,TRUE,
imj= just thinking,student,TRUE,
How about we go through the options and see if they make sense or not?,volunteer,TRUE,
"OK, so the first defense is ""The defendant did not commit the crime"". Is this viable? Why or why not?",volunteer,TRUE,
she did commit the crime,student,TRUE,
"OK, so lets move to the other options",volunteer,TRUE,
but she just didnt knw,student,TRUE,
Why do you say she didn't know?,volunteer,TRUE,
Because she came across and she thought the store was abandoned?,student,TRUE,
"The store was abandoned, but the store owner still technically owned the stuff (though there might be another legal defense there), but what was her reason for taking it?",volunteer,TRUE,
Oh necessity because if she didn't get food her kids would maybe starve or get sick,student,TRUE,
That's what I think as well,volunteer,TRUE,
Do you want to move to the next question or topic?,volunteer,TRUE,
okay how would i write this in compelete sentence,student,TRUE,
Show me your best guess and I'll let you know if it needs to be changed,volunteer,TRUE,
"Remember that the question is set up as though you are the defendant, so your answer should probably start with ""I would...""",volunteer,TRUE,
The defense i would use is necessity because the mother of two children need food and shelter so they mother acted fast thinking the store she came across was abandoned and she toke the food.,student,TRUE,
The defense i would use is necessity because the mother of two children/ need food and shelter so they mother acted fast thinking the store she came across was abandoned and she toke the food.,student,TRUE,
it wont let me type it in chat so i type it in the bored,student,TRUE,
OK,volunteer,TRUE,
"Did your teacher want your answer to be a certain length, because I think you basically fully answer the question without the part I'm highlighting in purple",volunteer,TRUE,
what you mean certain lenght,student,TRUE,
"Like, do you think that it is long enough without the part I highlighted, because I think that just the first part of the sentence answers the question, so you could just cut the purple part",volunteer,TRUE,
he said it should be like this and with complete senetence,student,TRUE,
"It would still be a complete sentence. I'm just not sure if you want to add the part about her thinking it was abandoned, because that's unrelated to the necessity defense",volunteer,TRUE,
is that good?,student,TRUE,
"We don't know if she knew she was committing a crime or not, remember? The main argument is that, whether or not she knew it was theft, she had to do it to save herself and her children",volunteer,TRUE,
The defense i would use is a necessity because the mother of two children needs food and shelter so they mother acted fast or the kids would starve.,student,TRUE,
"I like that a lot. There are a few minor spelling and grammar issues I noticed. Do you want me to go over them with you, or do you want to move to the next question?",volunteer,TRUE,
thats fine i will fix it,student,TRUE,
can i post the next question?,student,TRUE,
"OK, what do you think it is?",volunteer,TRUE,
"Also, just be aware that I will have to leave at or before 7:30. If you still need help after, feel free to start another session, though",volunteer,TRUE,
i have 1 more question after this,student,TRUE,
and thats all,student,TRUE,
"Alright, then we should have plenty of time. What do you think the answer to this one is? If you don't know where to start, we can go through each option again",volunteer,TRUE,
Intoxication or insanity?,student,TRUE,
"OK, that's a good narrowing down. I definitely think it's one of those. What would the argument for each be?",volunteer,TRUE,
Lets start with intoxication. Why do you think it might be a possibility?,volunteer,TRUE,
He probably drinked alot?,student,TRUE,
Wait i know,student,TRUE,
I think he has like a PTSD back when he was in the US army so when the loud part came up he probably thought it was like an bomb and it got him reacting that way,student,TRUE,
"OK, that's a good inference. What defense would that be?",volunteer,TRUE,
Djouma? Are you still there?,volunteer,TRUE,
i think insanity?,student,TRUE,
"Great! Try writing up your answer, and then we'll movve to the next question",volunteer,TRUE,
i would use the defenase insanity because it seemed like he had a ptsd from back he was in the US army and when the loud part of the song came up it might of reminded of a bomb and it triggered him into beating the man.,student,TRUE,
Thats good,student,TRUE,
"Pretty much. The only thing is that you don't need to put ""a"" in front of PTSD",volunteer,TRUE,
Can i post the last question?,student,TRUE,
"OK, what do you think?",volunteer,TRUE,
Do you want to go through the options?,volunteer,TRUE,
"OK. Because the defendant definitely did it, it has to be one of the list. Is infancy an option?",volunteer,TRUE,
entrrapment?,student,TRUE,
"That's what I think, too. What is your reasoning?",volunteer,TRUE,
The co-worker was actually an undercover cop,student,TRUE,
but the co-worker is the one who asked ?,student,TRUE,
"Exactly, the co-worker also added pressure when he said he didn't want to do it",volunteer,TRUE,
"OK, do you want to try writing it up?",volunteer,TRUE,
so is it not duress?,student,TRUE,
"Duress is more like, if someone threatens you if you don't do it.",volunteer,TRUE,
"If the coworker had been a real cocaine kingpin who was threatening to hurt the defendant or their family if they didn't go along, that would be duress",volunteer,TRUE,
The defense I would use is is entrapment because the co-worker who was an undercover cop asked him to ship a large amount of cocaine and and the truck driver is aware whats he shipping and he still did it and turns out the coworker was actually a undercover cop and is arrested for drug trafficking,student,TRUE,
The defense I would use is entrapment because the co-worker who was an undercover cop asked him to ship a large amount of cocaine and the truck driver is aware of what's he shipping but he still did it and turns out the coworker was an undercover cop and is arrested for drug trafficking,student,TRUE,
"Good start, but maybe focus on the fact that the defendant initially didn't want to do it",volunteer,TRUE,
The defense I would use is entrapment because the co-worker who was an undercover cop asked him he told him he was uncomfortable doing that job but he still shipped a large amount of cocaine the truck driver was aware of what's he shipping but he still did it and turns out the coworker was an undercover cop and is arrested for drug trafficking.,student,TRUE,
I don't know if you need the bit about him knowing it was wrong,volunteer,TRUE,
"That aside, you understand the material and I have to leave now. If you still need help, feel free to start a new session. Good bye",volunteer,TRUE,
Hello how are you today?,volunteer,TRUE,
"Hello, quite good, how about you?",student,TRUE,
"Good, thanks",volunteer,TRUE,
Alright what's going on,volunteer,TRUE,
hmm,volunteer,TRUE,
"how does the math work (top figure refers to Plutoinum-239 atoms) per cubic meters of water, bottom refers to 2347 grams per cubic meters",student,TRUE,
hmm let me see,volunteer,TRUE,
what is trying to be done here,volunteer,TRUE,
"calculate the lethality of a fictional bomb in a fictional setting, in this instance, calculate how many particles are suspsnded in water",student,TRUE,
hmm ok,volunteer,TRUE,
also I noticed you said 2347 grams per cubic meters,volunteer,TRUE,
I just see 23.47 g?,volunteer,TRUE,
"initally this was my thought process ""One atom of Plutonium-239 has an isotopic mass of 239.0521634 Daltons
1 Dalton = 1.6605e-24 Grams
239.0521634 Daltons = 3.9695542147495e-22
239.0521634 Daltons times 2.71087 ×10^25 atoms/cubic meters of water
=  6.480393381 ×10^27 or 6,480,393,381,000,000,000,000,000,000 Daltons
""",student,TRUE,
that was my inital thought process,student,TRUE,
"equals out to about 10760.945432541280752 grams, though that seems very high",student,TRUE,
also you said particles suspended in water,volunteer,TRUE,
isn't particles different than grams (which is a mass),volunteer,TRUE,
"I misspoke, just atoms in water, which I would then convert to grams per cubic meters",student,TRUE,
well atoms are kind of particles so no problem,volunteer,TRUE,
"also I don't think we answered something, did you say 23.47 g like the screen says or 23.47 g/cm^3",volunteer,TRUE,
"it does not show it on screen, but grams per cubic meter",student,TRUE,
that's all my work,student,TRUE,
"Some things are a tad liberal, since you know, virtual world",student,TRUE,
sure that's ok ill just try,volunteer,TRUE,
"now mind you, I've asked AI and it says the guy is wrong, but if that's the case, I just wanted to know if there is a right way to get that figure",student,TRUE,
okay ill factor that in,volunteer,TRUE,
also I noticed you got your answer in Daltons,volunteer,TRUE,
did you know that is basically molar mass units,volunteer,TRUE,
should I use that instead,student,TRUE,
"(Sorry, I'm rather new to this stuff, this is all for a research paper)",student,TRUE,
I just feel like,volunteer,TRUE,
I need more context lol,volunteer,TRUE,
I mean all I can do with this information is a simple calculation,volunteer,TRUE,
I have no clue about this other stuff about MeV or where that would play in,volunteer,TRUE,
"I see, well, in all honesty, I watched this video ""https://www.youtube.com/watch?v=yfHjmtmxhn4"" and garnered a lot of evidence for a different entry in the series to perform a similar test",student,TRUE,
hmm okay so what is your goal here,volunteer,TRUE,
"this isn't just a question but a project, huh?",volunteer,TRUE,
"well, a third of it technically",student,TRUE,
"The goal initally, was to visit an in-game location where a bomb had been dispatched, get an average of the RAD/SEC value, and translate that into how much particles of plutoinum-239 are in the air, translate that to how much is in the water, and see how the real-world science compares to the perils of in-game radiation",student,TRUE,
"Which, is quite involved",student,TRUE,
wow yes,volunteer,TRUE,
yeah the time this would take and my lack of knowledge of radioactivity would not be very effective for you,volunteer,TRUE,
sorry to say :/,volunteer,TRUE,
maybe try somebody else?,volunteer,TRUE,
"well, thanks for your time",student,TRUE,
yeah I appreciate your patience,volunteer,TRUE,
would this fall under chemistry or more so physics,student,TRUE,
good question this does feel like an intersection,volunteer,TRUE,
probably chemistry because of the dalton calculations,volunteer,TRUE,
molar mass,volunteer,TRUE,
I only ask since I initally joined a physics session but no one joined,student,TRUE,
"So, I did chemistry",student,TRUE,
"Well, I'll keep looking",student,TRUE,
Have a good rest of day,student,TRUE,
oh okay thanks!,volunteer,TRUE,
Hello good day,volunteer,TRUE,
hi Matt!,student,TRUE,
!,volunteer,TRUE,
I have some trig problems I worked out and am on here to double check my answers,student,TRUE,
sure lets try,volunteer,TRUE,
I got C,student,TRUE,
cn you make it bigger,volunteer,TRUE,
hold on thinking,volunteer,TRUE,
youre good take as much time as you need,student,TRUE,
OK I am not sure I agree with (c),volunteer,TRUE,
Can you explain your thoughts,volunteer,TRUE,
actually maybe I do agree,volunteer,TRUE,
but can you briefly explain anyways,volunteer,TRUE,
so I used,student,TRUE,
half-angle im pretty sure for this one,student,TRUE,
I did it earlier so i dont have the best memory,student,TRUE,
i used trig identities nad got that by replacing sin sqaured and cos squared,student,TRUE,
and then got,student,TRUE,
the answer from the unit circle,student,TRUE,
"Well I do think you are right, we could discuss more if you like, or keep going",volunteer,TRUE,
did you solce for it,student,TRUE,
solve,student,TRUE,
im really paranoid lol,student,TRUE,
solved,volunteer,TRUE,
oh okay yay,student,TRUE,
;),volunteer,TRUE,
okay can I pull up some more,student,TRUE,
I got C again,student,TRUE,
yes agreed,volunteer,TRUE,
noiiicee,student,TRUE,
unfortunately I am having a little trouble with this problem. I mark it as -1/sqrt(2) but thats not even an answer,volunteer,TRUE,
ah hold on,volunteer,TRUE,
yes I agree with your answer,volunteer,TRUE,
whew,volunteer,TRUE,
whew,student,TRUE,
these are a little tricky!,volunteer,TRUE,
you will get A+ I think,volunteer,TRUE,
lol thank you,student,TRUE,
can we check some more,student,TRUE,
i feel like,student,TRUE,
i for sure got tricked by some,student,TRUE,
I have to get 100% so im really paranoid,student,TRUE,
really why do you need 100%,volunteer,TRUE,
i did really badly on this one test,student,TRUE,
bc i dislike magnitude questions,student,TRUE,
and my grade is really low,student,TRUE,
ah,volunteer,TRUE,
ah,student,TRUE,
okay do you have time for a couple more,student,TRUE,
or,student,TRUE,
its actually kind of a lot more,student,TRUE,
How about 2 more,volunteer,TRUE,
sounds goof,student,TRUE,
good,student,TRUE,
k,volunteer,TRUE,
yes I agree,volunteer,TRUE,
oki one more?,student,TRUE,
OK good work!,volunteer,TRUE,
ok nice,student,TRUE,
do u have to go now,student,TRUE,
maybe!,volunteer,TRUE,
dinnertime in a couple minutes,volunteer,TRUE,
spaghetti,volunteer,TRUE,
"OK good luck dont stress out about getting 100%, you are doing very well!",volunteer,TRUE,
thank u have a good one!,student,TRUE,
hello!,volunteer,TRUE,
wahts up,volunteer,TRUE,
I need help with this question,student,TRUE,
do yk what same side itnerior angles are,volunteer,TRUE,
on the same side of the line on the inside?,student,TRUE,
do yk the rule for them?,volunteer,TRUE,
I do not remember. I thought they would equal 108 degrees,student,TRUE,
180*,student,TRUE,
that is correct,volunteer,TRUE,
adding them equals 180,volunteer,TRUE,
do u think u can do the problem now?,volunteer,TRUE,
let me try,student,TRUE,
15,student,TRUE,
yup,volunteer,TRUE,
good job,volunteer,TRUE,
I've got one more question,student,TRUE,
kk,volunteer,TRUE,
do yk trig,volunteer,TRUE,
I thought I did but I can't figure it out,student,TRUE,
is this one tangent?,student,TRUE,
can u draw,volunteer,TRUE,
the problem,volunteer,TRUE,
draw it out for me,volunteer,TRUE,
is that right?,student,TRUE,
it is tangent,volunteer,TRUE,
i think ur using radians instead of degrees,volunteer,TRUE,
common mistake,volunteer,TRUE,
if ur using internet,volunteer,TRUE,
type 65deg,volunteer,TRUE,
is that opposite/adjacent,student,TRUE,
default is radians,volunteer,TRUE,
I don't know how to do it on my calculator,student,TRUE,
uh,volunteer,TRUE,
so x/56=tan65deg,volunteer,TRUE,
x=56*tan65deg,volunteer,TRUE,
I keep getting a negative number,student,TRUE,
ur calculator,volunteer,TRUE,
is in radians,volunteer,TRUE,
not degrees,volunteer,TRUE,
what model iis ur calculator,volunteer,TRUE,
it's my phone calcultor,student,TRUE,
try google,volunteer,TRUE,
56*tan(56deg,volunteer,TRUE,
*65deg,volunteer,TRUE,
mb,volunteer,TRUE,
I won't be able to use google on my test,student,TRUE,
u wont be able to use ur phoen on a test either,volunteer,TRUE,
do u have a real calculator?,volunteer,TRUE,
well it'll be a scientific calculator,student,TRUE,
i don't with me,student,TRUE,
oof,volunteer,TRUE,
idk then,volunteer,TRUE,
i dont use phone,volunteer,TRUE,
but basically,volunteer,TRUE,
did u get,volunteer,TRUE,
-82 smth,volunteer,TRUE,
Hello,volunteer,TRUE,
Hello,student,TRUE,
"hello, I dont know how to solve this",student,TRUE,
i dont know the equations,student,TRUE,
"The voltage of an American outlet is 60 volts.   So, use Ohm's Law (see board).",volunteer,TRUE,
i is the current,volunteer,TRUE,
What do you get as the current?,volunteer,TRUE,
im confused,student,TRUE,
wait never mind,student,TRUE,
ill solve,student,TRUE,
0.4285714286,student,TRUE,
0.4285,student,TRUE,
is what i got,student,TRUE,
Yes.  The answer is 0.429 A.    The units for current are in amperes (A).,volunteer,TRUE,
Look at the board for the second part.,volunteer,TRUE,
i checked and it said number 1 is wrong,student,TRUE,
Let me think,volunteer,TRUE,
Wait a moment,volunteer,TRUE,
nvm i figured it out,student,TRUE,
the american outlet is 120V not 60,student,TRUE,
okay thatś all bye,student,TRUE,
"Yes, you are correct.   It bis 120, not 60.   My bad!",volunteer,TRUE,
The correct answer is 120/140 = 0.857 A.    The power is current times voltage = 0.857 times 120 = 103 W (watts).,volunteer,TRUE,
Hi Kieu Anh,volunteer,TRUE,
what can I help you with today?,volunteer,TRUE,
This one question on my homework assignment,student,TRUE,
Thanks,student,TRUE,
reading...,volunteer,TRUE,
have you tried this one before?,volunteer,TRUE,
have you learned this formula?,volunteer,TRUE,
let's find the k value first,volunteer,TRUE,
"after 4 hours, only 1/2 of the original dose is left",volunteer,TRUE,
"now, we would like to find out how many are left at 1pm, (after one hour)",volunteer,TRUE,
can you use a calculator to compute 0.5^(1/4)?,volunteer,TRUE,
gotchu,student,TRUE,
0.8408964153,student,TRUE,
0.84,student,TRUE,
yes!!!,volunteer,TRUE,
does this make sense?,volunteer,TRUE,
uh yes,student,TRUE,
will the expression be f(x)= 225*(1/2)^x?,student,TRUE,
let me think,volunteer,TRUE,
e^-4k?,student,TRUE,
to write it in the power of 1/2,volunteer,TRUE,
"yes, because e^(-4k)=1/2",volunteer,TRUE,
how?,student,TRUE,
so we write e^(-kx) in terms of 1/2 or e^(-4k),volunteer,TRUE,
here x is in terms of hours,volunteer,TRUE,
"from here, we can calculate f(7)",volunteer,TRUE,
ah okay I got it,student,TRUE,
for the last one,volunteer,TRUE,
we just need to find x,volunteer,TRUE,
x is in hours,volunteer,TRUE,
so x = 10 means 10pm (because x=0 is noon),volunteer,TRUE,
oh so it's not 5?,student,TRUE,
why not?,student,TRUE,
because 1/2 is 4 hours,volunteer,TRUE,
"so after x hours, we will have",volunteer,TRUE,
makes sense,student,TRUE,
"so after 5 hours, we will have 225 (1/2)5/4",volunteer,TRUE,
this is a good question,volunteer,TRUE,
Okay thanks so much,student,TRUE,
any more problems?,volunteer,TRUE,
No more problems,student,TRUE,
you are very welcome.,volunteer,TRUE,
bye,volunteer,TRUE,
Bye,student,TRUE,
yoo sup,volunteer,TRUE,
hows it going,volunteer,TRUE,
good how r you,student,TRUE,
im great thx man,volunteer,TRUE,
alr let's get started,volunteer,TRUE,
so how did you start 7a?,volunteer,TRUE,
haven't start it yet,student,TRUE,
do u have any ideas so far?,volunteer,TRUE,
ok so first of all when we increase a stock by 8%,volunteer,TRUE,
let's say it's 100k,volunteer,TRUE,
what does it become now,volunteer,TRUE,
what is it worth?,volunteer,TRUE,
10800,student,TRUE,
108000,student,TRUE,
oh yea lol i missed the typo,volunteer,TRUE,
"if we increase 108,000 by 8 percent, what do we get?",volunteer,TRUE,
116640,student,TRUE,
continue this process for a couple of times,volunteer,TRUE,
and yea u can use the calculator,volunteer,TRUE,
try using a power of 1.08!,volunteer,TRUE,
Sure should I tell you what I get each time or should I just continue ten times?,student,TRUE,
ten times for a decade?,student,TRUE,
yea just skip ahead,volunteer,TRUE,
"like 100,000(1.08)^10",volunteer,TRUE,
u know why that represents 8% each year for 10 years?,volunteer,TRUE,
yea,student,TRUE,
yea,volunteer,TRUE,
ok sweet,volunteer,TRUE,
so what did you get from that?,volunteer,TRUE,
215892.4997,student,TRUE,
215892.499,student,TRUE,
i got 215892.5 but close enough,volunteer,TRUE,
oh yes,student,TRUE,
ok now try out the 80% in one go,volunteer,TRUE,
180% of 100k is?,volunteer,TRUE,
180000,student,TRUE,
"so that's weird, why did that happen?",volunteer,TRUE,
if ur stuck just lmk,volunteer,TRUE,
Yeah I am stuck,student,TRUE,
ok that's fine,volunteer,TRUE,
let's say instead we took 8% of the original stock,volunteer,TRUE,
and added it to the original,volunteer,TRUE,
but then instead of taking 8% of 108,volunteer,TRUE,
"we added another 8% of 100,000 to our value",volunteer,TRUE,
what do you think we'd get?,volunteer,TRUE,
"for example, 100,000 + 8,000 + 8,000 etc.",volunteer,TRUE,
"instead of 100,000 + 8,000 + 8,640",volunteer,TRUE,
is 8640 8% of 108000?,student,TRUE,
okay I get this part,student,TRUE,
"nice, tell me the reason now?",volunteer,TRUE,
just wanna confirm ur good with this part,volunteer,TRUE,
okay so the stock value does not increase by 80% each decade because we need the value to increase by 8% of the original value not 8% of the value of a stock each year?,student,TRUE,
Im not sure if this makes sense,student,TRUE,
you're on the right track here,volunteer,TRUE,
if we increased the stock by 80%,volunteer,TRUE,
we essentially add 8% of the original value every time,volunteer,TRUE,
"so 100,000 + 8k + 8k + 8k ...etc",volunteer,TRUE,
"but with 8% every 10 years, we add 8% of the new value every time",volunteer,TRUE,
"it would add 8000, but then 8640 (8% of 108000), and then it would continue on from there",volunteer,TRUE,
"essentially, the interest we add to the stock also generates its own interest",volunteer,TRUE,
but the question ask why the stock value does not increase by 80% each decade?,student,TRUE,
"80% would be added 8k every time, but 8% each year would be 8k, then a little more than 8k, then a little more than that",volunteer,TRUE,
are you able to put that in general terms?,volunteer,TRUE,
no..,student,TRUE,
ok that's alright,volunteer,TRUE,
so basically the stock would increase more than 80% because 8% of the stock changes,volunteer,TRUE,
if u get what im saying here,volunteer,TRUE,
"8% would be 8k first, but then since we add that to 100k, we then take 8% again which is 8640",volunteer,TRUE,
"but 80% in a decade would not change the 8%, like it'd be constant",volunteer,TRUE,
do you get it? I tried to explain it clearer lol,volunteer,TRUE,
yo dude u still there? was that too confusing? srry man,volunteer,TRUE,
ah yes I'm here,student,TRUE,
u get the explanation i put down?,volunteer,TRUE,
no im sorry,student,TRUE,
I am really lost,student,TRUE,
it's alright lol,volunteer,TRUE,
this is also a little difficult for me to explain lol,volunteer,TRUE,
Is there an easier way to demonstrate this?,student,TRUE,
Yeah I get that,student,TRUE,
hmm lemme think for a sec,volunteer,TRUE,
Take your time,student,TRUE,
visualization would be really nice,volunteer,TRUE,
agreed,student,TRUE,
ok how about a simpler example,volunteer,TRUE,
if i had 100$,volunteer,TRUE,
yea?,student,TRUE,
and you add an interest of 50% twice,volunteer,TRUE,
how much would you get?,volunteer,TRUE,
200?,student,TRUE,
it would first be 100 + 50,volunteer,TRUE,
bc 50 is 50% of 100,volunteer,TRUE,
then you have 150,volunteer,TRUE,
and take 50% of 150,volunteer,TRUE,
not 100,volunteer,TRUE,
but yea ur own the right track there,volunteer,TRUE,
so the total answer would be 225,volunteer,TRUE,
"but if i took 100% of 100$ just once,",volunteer,TRUE,
i get 200$,volunteer,TRUE,
so the first one was 100 + 50 + 75,volunteer,TRUE,
while the first one was 100 + 100,volunteer,TRUE,
i can split up one of the 100's into this:,volunteer,TRUE,
100 + 50 + 50,volunteer,TRUE,
"so essentially, the +100% was the same as adding 50% of 100 and 50% of 100",volunteer,TRUE,
the +50% twice was 50% of 100 plus 50% of 150,volunteer,TRUE,
u see why they're different?,volunteer,TRUE,
can u apply to the original question?,volunteer,TRUE,
not sure,student,TRUE,
it would be adding 8% of the original value to the stock,volunteer,TRUE,
then you take 8% of that value and add it to the stock,volunteer,TRUE,
I understand it but I don't think I can put it into words for an explanation yet,student,TRUE,
oh ok nice,volunteer,TRUE,
can u answer 7b tho?,volunteer,TRUE,
yes would it be less than 80%?,student,TRUE,
it would actually be more,volunteer,TRUE,
Wait what,student,TRUE,
why is that,student,TRUE,
it'd be 8000 + 8640... compared to 8000 + 8000...,volunteer,TRUE,
remember that comparision?,volunteer,TRUE,
ah okay,student,TRUE,
yea ok sweet,volunteer,TRUE,
how should I put this into words?,student,TRUE,
80% in a decade was adding 8% of the original value multiple times,volunteer,TRUE,
8% of the stock value would change every time,volunteer,TRUE,
when we increase it by 8% each year,volunteer,TRUE,
ok u good on how to describe it in words?,volunteer,TRUE,
niceee,volunteer,TRUE,
and ur good on this entire problem?,volunteer,TRUE,
Yes thanks so much!,student,TRUE,
npp,volunteer,TRUE,
any other questions u need to go over?,volunteer,TRUE,
nope that'll be all,student,TRUE,
alr then cya dude!,volunteer,TRUE,
gl on this question!,volunteer,TRUE,
Thank you! Bye!,student,TRUE,
105 is total tuskless,volunteer,TRUE,